Method,GroupBasedOn,Group,Index,Bin1,Bin2,Bin3,Bin4,Bin5,Bin6,Bin7,Bin8,Bin9,Bin10,Bin11,Bin12,Bin13,Bin14,Bin15,Bin16,Bin17,Bin18,Bin19,Bin20,Bin21,Bin22,Bin23,Bin24,Bin25,Bin26,Bin27,Bin28,Bin29,Bin30,Bin31,Bin32,Bin33,Bin34,Bin35,Bin36,Bin37,Bin38,Bin39,Bin40,Bin41,Bin42,Bin43,Bin44,Bin45,Bin46,Bin47,Bin48,Bin49,Bin50,Bin51,Bin52,Bin53,Bin54,Bin55,Bin56,Bin57,Bin58,Bin59,Bin60,Bin61,Bin62,Bin63,Bin64,Bin65,Bin66,Bin67,Bin68,Bin69,Bin70,Bin71,Bin72,Bin73,Bin74,Bin75,Bin76,Bin77,Bin78,Bin79,Bin80,Bin81,Bin82,Bin83,Bin84,Bin85,Bin86,Bin87,Bin88,Bin89,Bin90,Bin91,Bin92,Bin93,Bin94,Bin95,Bin96,Bin97,Bin98,Bin99,Bin100,Bin101,Bin102,Bin103,Bin104,Bin105,Bin106,Bin107,Bin108,Bin109,Bin110,Bin111,Bin112,Bin113,Bin114,Bin115,Bin116,Bin117,Bin118,Bin119,Bin120,Bin121,Bin122,Bin123,Bin124,Bin125,Bin126,Bin127,Bin128,Bin129,Bin130,Bin131,Bin132,Bin133,Bin134,Bin135,Bin136
CbMPDiCbraya,group,oil_field,HeS,0.054125265,0.169444542,0.209917537,0.134181193,0.270890369,0.02829393,0.039200845,0.053367193,0.314763487,0.026462744,0.08074378,0.110601518,0.08682567,0.354605596,0.237865717,0.003361156,0.147588091,0.216736476,0.054099615,0.20162437,0.209256656,0.109354987,0.061079817,0.221209165,0.026202858,0.02038742,0.003029722,0.220941973,0.220779111,0.00443313,0.01308107,0.182441462,0.062773397,0.004218525,0.167899652,0.391097041,0.020840274,0.230404512,0.001819235,0.004615394,0.016303369,0.03519986,0.045323192,0.075079452,0.000459098,0,0.282497005,0.266112994,0.013337571,0.189559982,0.167681157,0.195047481,0.037400812,0.016390838,0.09719666,0.117890482,0.178965908,0.113492523,0.316056604,0.144660008,0,0.185304798,0.145961893,0,0.077002558,0.004426437,0.069346991,0.071405008,0.104552792,0.376288844,0.040038701,0.173093776,0,0.002490856,0.174550371,0.097650538,0,0.004039372,0.067495333,0.017493766,0.031275781,0,0.36082805,0.077090201,0.027025486,0.085835674,0.403775506,0.005886826,0.755671314,0.340382231,0.272447202,0.012027134,0,0.154215424,0.006614309,0.229105727,0.123190781,0.052494881,0.028054779,0.012645254,0.021374918,0.113931986,0.19625996,0.208396525,0.244945598,0.02937248,0,0.217427764,0.144825381,0.003633185,0.630390509,0.004316858,0,0.340622428,0.020850108,0.47804134,0.128663168,0.273377847,0.736368699,0.529919464,0.125195971,0.162462614,0.233336195,0.108233089,0.231543622,0.017742101,0.001278273,0,0,0.042308765,0.320860938,0.103051842,0.405905319,0.223391519,0.189022222,0.05518511
CbMPDiCbraya,group,oil_field,HoS,0.247012442,0.519394731,0.050690835,0.591764644,0.407767977,0.160952959,0.098506049,0.239541917,0.206313407,0.06543111,0.173187571,0.029645655,0.006360998,0.285088338,0.02408507,0.021347297,0.134311315,0.029504374,0.181614836,0.313773959,0.318724576,0.066316356,0.07903818,0.065576273,0.470490759,0.048049795,0.411526981,0.276196771,0.214402804,0.01018782,0.308221429,0.26491449,0.187777981,0.19900004,0.091753586,0.034413287,0.286899646,0.092220102,0.382387271,0.066271109,0.012226425,0.005213932,0.421544321,0.316314002,0.003096638,0.081451042,0.083902897,0.181645037,0.036928608,0.605489658,0.212471958,0.007685952,0.136993631,0.025003872,0.057483355,0.193786928,0.201942955,0.04960953,0.329759754,0.148914484,0.207544846,0.098632473,0.010141529,0.001603666,0.525891038,0.126552836,0.06910064,0.121576742,0.400703368,0.15256303,0.162294521,0.368557673,0.032228256,0.029739332,0.107991344,0.027017709,0.062327122,0.012199141,0.015288622,0.011972464,0.071266359,2.67E-05,0.067433459,0.082726062,0.058180814,0.516992945,0.16154035,0.265580641,0.054972727,0.344694531,0.237107132,0.306758644,0.020601943,0.521433973,0.053132006,0.334937612,0.486810391,0.061840264,0.018675367,0.020462276,0.04248846,0.242825018,0.119243358,0.055743068,0.191096341,0.065223622,0.169879619,0.117313427,0.15199385,0.086745579,0.071404097,0.014509279,0.01584136,0.013519937,0.045043796,0.113653583,0.076265762,0.226348552,0.025991019,0.470080536,0.366894373,0.051165565,0.412831749,0.065485643,0.167097872,0.007834297,0.019890652,0.374369013,0,0.243601109,0.374362817,8.86E-06,0.006178046,0.319539142,0.041409861,0.14093108
CbMPDiCbraya,group,oil_field,DL,0.621681262,0.260129596,0.643838481,0.233756428,0.253062876,0.594150068,0.806572421,0.557328367,0.445698526,0.627406522,0.43627316,0.677998167,0.854979806,0.248785063,0.706174738,0.919003539,0.604668726,0.652094497,0.621739153,0.355639122,0.385697039,0.542422469,0.401211871,0.563227202,0.447025386,0.907227908,0.550088675,0.45660199,0.404543213,0.905757035,0.589188574,0.332728088,0.689761043,0.7529468,0.617613193,0.559625128,0.203868148,0,0.480733555,0.837276126,0.166725378,0.882324962,0.408831058,0.569316935,0.911827439,0.77948625,0.305898647,0.528917146,0.720405467,0.08475033,0.568528151,0.750563603,0.055150922,0.613146499,0.489602145,0.330374472,0.301305196,0.620735426,0.01835737,0.473086468,0,0.33702298,0.376862783,0.907186807,0.1250832,0.613429099,0.699735953,0.571711038,0.341129003,0.436314667,0.615587383,0.160357976,0.876273035,0.915704669,0.516489559,0.832320702,0.931454658,0.90803665,0.909767673,0.931723449,0.279253501,0.912221066,0.473485358,0,0.711325911,0,0.204521486,0.465943217,0,0.004729281,0,0,0.514493386,0.252693712,0.683964926,0.082129119,0,0.854925494,0,0.826981467,0.025809802,0.260855491,0.642424649,0.723468014,0.480112891,0.851197558,0.727661091,0.458265387,0.58492706,0.895274086,0.260940205,0.932009307,0.956227544,0.115357561,0.775694463,0.373667333,0.691008853,0.500273602,0.237596773,0,0.189393494,0.25296952,0.285368249,0.479867193,0.221944981,0.778529311,0.205837225,0.616099456,0.36358192,0.483843178,0.227290538,0.021721782,0.374609993,0.419389185,0.670573468,0.418459105
CbMPDiCbraya,group,oil_field,HD,0,0,0,0,0,0,0,0,0,0,0,0,0,0,0,0,0,0,0,0,0,0,0,0,0,0,0,0,0,0,0,0,0,0,0,0,0,0,0,0,0,0,0,0,0,0,0,0,0,0,0,0,0,0,0,0,0,0,0,0,0,0,0,0,0,0,0,0,0,0,0,0,0,0,0,0,0,0,0,0,0,0,0,0,0,0,0,0,0,0,0,0,0,0,0,0,0,0,0,0,0,0,0,0,0,0,0,0,0,0,0,0,0,0,0,0,0,0,0,0,0,0,0,0,0,0,0,0,0,0,0,0,0,0,0,0
CbMPDiCbraya,group,oil_field,DR,0.077181031,0.051031132,0.095553147,0.040297734,0.068278778,0.216603043,0.055720685,0.149762524,0.03322458,0.280699624,0.309795489,0.18175466,0.051833526,0.111521002,0.031874475,0.056288007,0.113431867,0.101664653,0.142546396,0.128962549,0.086321729,0.281906188,0.458670132,0.14998736,0.056280997,0.024334878,0.035354622,0.046259265,0.160274872,0.079622015,0.089508927,0.21991596,0.059687579,0.043834635,0.122733568,0.014864544,0.488391932,0.677375386,0.135059939,0.091837371,0.804744828,0.077261246,0.12430143,0.039289611,0.084616825,0.139062708,0.327701452,0.023324824,0.229328355,0.12020003,0.051318735,0.046702964,0.770454635,0.345458791,0.355717839,0.357948118,0.31778594,0.216162522,0.335826272,0.233339039,0.792455154,0.379039749,0.467033796,0.091209527,0.272023204,0.255591628,0.161816415,0.235307213,0.153614838,0.034833459,0.182079394,0.297990575,0.091498709,0.052065144,0.200968725,0.043011052,0.006218219,0.075724836,0.007448372,0.038810321,0.61820436,0.087752238,0.098253133,0.840183737,0.203467789,0.397171381,0.230162658,0.262589316,0.189355959,0.310193958,0.490445666,0.681214221,0.464904671,0.071656891,0.256288758,0.353827542,0.389998828,0.03073936,0.953269854,0.139911004,0.91032682,0.382387505,0.042072033,0.012392393,0.083845171,0.054206341,0.10245929,0.206993421,0.118253709,0.01434715,0.037265189,0.049164555,0.027931097,0.530500073,0.158411632,0.034637744,0.104062217,0,4.35E-05,0,0.318516163,0.533402302,0.068463807,0.346414075,0.379413525,0.19589429,0.77299385,0.009531531,0.63641808,0.230246948,0.077485708,0.875217518,0.213306641,0.037680154,0.098994449,0.385424705
CbMPDiCbraya,group,Deep_aquifer,HeS,0.394780418,0,0.656688191,0.036934206,0,0.001248114,0,0.007135827,0,0,0,0,NaN,0,0,NaN,0,0.408794204,0.079854152,0,0,0.334301479,0,0.250779039,0.211648689,0,NaN,0.138099752,0,0,0,0,NaN,NaN,0.540083297,0.684167886,0.147477113,0.090805463,0,0,0.123085861,0,0.132929893,0,0,0.239607368,0.033994843,0.013016895,0,0.23775335,0,0.143507959,0,0.082656223,0,0,NaN,0.047099646,NaN,0.61818764,0,0,0,0,0,0.03264483,0.018360985,0,0.103432412,0,0.042553191,0,NaN,0,NaN,0,NaN,NaN,0,0,0,0.009315316,0,0,0.374143699,0,0,1,NaN,0.593026881,0.030888537,0,0,0.009985063,0.073102841,0,0,0,0,0,0.000324659,0,0,NaN,NaN,0.020959019,0.021276596,0.253828205,0,NaN,0.030742622,0,0,0.022825955,0,0,0.827876968,NaN,NaN,NaN,NaN,0,NaN,0,0.000683287,0.041910681,0,0,0.180073962,0,0,0,0,0,0.314605654,0
CbMPDiCbraya,group,Deep_aquifer,HoS,0.300809312,0.043463817,0.102916006,0.025988507,0.539490213,0.001589697,0.021276596,0.043676316,0.021276596,0.038954174,0.000714116,0.000574425,NaN,0,0,NaN,0,0.237564311,0.537124795,0,0.123877938,0.455457721,0.044719793,0.472442009,0.187400504,0.033058063,NaN,0.420997159,0.17014182,0.017810909,0.042553191,0.000316736,NaN,NaN,0.440617152,0.272580994,0.272545682,0.603131659,0,0.085106383,0.876914139,0.039987611,0.229876134,0,0.006473828,0.248796825,0.065859585,0.255118442,0.042553191,0.65208266,0.042553191,0.033664803,0.018907849,0,0.025179415,0.085106383,NaN,0.062193909,NaN,0.255775325,0.480878567,0.109034744,0.006064883,0.01084971,0.002098018,0.241286776,0.340031609,0.007398389,0.03065764,0.057708619,0.021276596,0.021274618,NaN,0,NaN,0.016168747,NaN,NaN,0,0.108699732,0.0044102,0.000597288,0.077824974,0.020970335,0.195476429,0,0.005570758,0,NaN,0.288480307,0.009264267,0.066567038,0,0.013180975,0.066252672,0,0,0.075490153,0.041763771,0,0.254702146,0.221161392,0,NaN,NaN,0.000745688,0,0.193653316,0.468351411,NaN,0.011810569,0,0,0.542016932,0.050864015,0.001056213,0.068159065,NaN,NaN,NaN,NaN,0,NaN,0.01165709,0.971411087,0.039338368,0,0.021276596,0.138450729,0.008557185,0.021276596,0.309370861,0.021276596,0,0,0.07023122
CbMPDiCbraya,group,Deep_aquifer,DL,0.080272003,0.199360404,0,0,0,0.996686471,0,0,0.937935325,0.871707102,0.204100655,0.505700058,NaN,0,0,NaN,0.473775914,0,0.0332486,0.359592952,0.160883724,0,0.007405033,0,0,0.040217885,NaN,0,0.027323274,0,0,0.748870873,NaN,NaN,0.019256519,0.035676612,0.007541903,0.111659227,0,0.09913005,0,0,0,0,0.83130192,0,0.20089509,0,0.846267738,0.058608113,0.155679446,0.729675309,0.020502511,0.89749818,0.827828179,0,NaN,0,NaN,0.062689452,0.085300408,0.849625246,0.665934081,0.80275362,0.940728247,0.390196279,0.118302964,0.914552552,0.818506969,0.452810342,0.489817262,0.754680015,NaN,0.996177591,NaN,0.920588508,NaN,NaN,0,0.424744297,0.883776422,0.418708237,0.860035123,0,0,0,0,0,NaN,0.066568233,0.905445322,0.883617748,0.680851064,0.511107897,0.841527133,0.237651959,0,0.799113249,0.694816129,0,0.355636026,0.494122958,0,NaN,NaN,0.8468617,0,0,0,NaN,0,1,1,0.316314049,0.558205116,0.987401357,0.083129451,NaN,NaN,NaN,NaN,0,NaN,0.565669877,0.021261412,0.762856824,0.669952885,0.086643374,0.577318993,0.516959354,0,0.637876546,0.978723404,0,0.685394346,0.646992984
CbMPDiCbraya,group,Deep_aquifer,HD,0,0,0,0,0,0,0,0,0,0,0,0,NaN,0,0,NaN,0,0,0,0,0,0,0,0,0,0,NaN,0,0,0,0,0,NaN,NaN,0,0,0,0,0,0,0,0,0,0,0,0,0,0,0,0,0,0,0,0,0,0,NaN,0,NaN,0,0,0,0,0,0,0,0,0,0,0,0,0,NaN,0,NaN,0,NaN,NaN,0,0,0,0,0,0,0,0,0,0,NaN,0,0,0,0,0,0,0,0,0,0,0,0,0,0,NaN,NaN,0,0,0,0,NaN,0,0,0,0,0,0,0,NaN,NaN,NaN,NaN,0,NaN,0,0,0,0,0,0,0,0,0,0,0,0,0
CbMPDiCbraya,group,Deep_aquifer,DR,0.224138268,0.757175779,0.240395803,0.937077287,0.460509787,0.000475718,0.978723404,0.949187857,0.040788079,0.089338724,0.795185229,0.493725518,NaN,1,1,NaN,0.526224086,0.353641485,0.349772453,0.640407048,0.715238338,0.2102408,0.947875174,0.276778952,0.600950807,0.926724052,NaN,0.440903089,0.802534906,0.982189091,0.957446809,0.250812391,NaN,NaN,4.30E-05,0.007574509,0.572435302,0.194403651,1,0.815763567,0,0.960012389,0.637193973,1,0.162224252,0.511595806,0.699250483,0.731864663,0.111179071,0.051555878,0.801767363,0.09315193,0.960589641,0.019845598,0.146992406,0.914893617,NaN,0.890706445,NaN,0.063347583,0.433821025,0.04134001,0.328001036,0.18639667,0.057173735,0.335872116,0.523304442,0.07804906,0.04740298,0.489481039,0.446352951,0.224045367,NaN,0.003822409,NaN,0.063242745,NaN,NaN,1,0.46655597,0.111813378,0.571379159,0.062139903,0.979029665,0.430379873,1,0.994429242,0,NaN,0.051924578,0.054401875,0.049815214,0.319148936,0.465726065,0.019117354,0.762348041,1,0.125396598,0.2634201,1,0.389337169,0.28471565,1,NaN,NaN,0.131433593,0.978723404,0.552518479,0.531648589,NaN,0.957446809,0,0,0.118843064,0.390930868,0.011542429,0.020834516,NaN,NaN,NaN,NaN,1,NaN,0.422673033,0.006644215,0.155894127,0.330047115,0.892080031,0.104156316,0.474483461,0.978723404,0.052752594,0,1,0,0.282775796
CbMPDiCbraya,group,mine,HeS,0.018805587,0.001389272,1,0,0.344440101,0,0.266048233,0,0.570067406,0,0.182547169,0.046985832,0.572922331,0,NaN,NaN,0,0.357340468,0,0.200130277,0,0,0.334644447,0,0,0,NaN,0.919183975,0.494952216,0.787159152,0,0,3.35E-05,0.588217201,0,0,0.269238028,0.0603052,0,0.237746747,0,0,0.155619164,0.307731383,0,0.432961516,0.019714291,0,0,0.036063542,0,0.034185032,0.18077115,0.014113442,0.244615389,0.014483429,0.182133842,0.06200427,0.000882629,0.005720637,0,0.161401894,0.009033255,0,0.298661887,0,0.042286033,0,0,0,0,0.15903014,0,0.416851681,0.000189216,0,0,0,NaN,NaN,0,0.205759096,0.306600119,0,0.094552788,0.493213246,0.151756189,0.008657244,0.127698701,0.170446706,0,0.481991679,NaN,0.349834555,0,0,0.003223543,0,0.182701609,0.025659646,0,0.00786072,NaN,0,0.218613636,0,0.055307806,0,0,NaN,0.019563602,NaN,NaN,0.007165469,0.016246185,NaN,0.28416345,0,0,0,0.244614782,0.065760946,0,0,0.1039069,0,0,0,0,0.046270131,0.145604714,0,0.033278247,0.104635727,0.217090326,0.281360432
CbMPDiCbraya,group,mine,HoS,0.46594503,0.330215308,0,0.028571429,0.041769424,0.011586568,0.326687267,0,0.287075451,0.052343539,0.644438797,0.922128261,0.427077669,0.303397849,NaN,NaN,0.096395678,0.19353957,0.022540286,0,0.443617182,0.02279874,0.432734008,0.014865835,0.045382128,0.002457931,NaN,0.057142857,0.462657313,0.057142857,0.115239001,0.202383534,0.032109959,0.021783162,0.001940509,0.898105847,0.353221008,0.863795538,0.001707991,0.192051466,0.000297463,0.057142857,0.61580485,0,0.097674972,0.041410498,0.092665206,0,0.117420485,0.227113317,0,0.068730145,0.288138448,0.001469983,0.569324724,0.021483544,0.521669186,0.054970756,0.000478609,0.040470257,0.009367944,0.551234137,0.000564578,0.119414616,0.018937174,0.238598919,0.05312908,0.124799428,0.008242488,0.01601901,0.104714459,0.098980698,0.047532204,0.013171921,0.015341736,0.221037726,0,0,NaN,NaN,0.071251867,0.088408882,0.044314141,0.107454002,0.254506752,0.446809011,0.521268988,0.038863898,0,0.444977719,0,0.486931004,NaN,0.09789611,0.009371435,0.000110413,0.011977635,0.141073568,0.392112615,0.058204486,0.018976306,0.03253629,NaN,0,0.346173881,0,0.819466847,0.011729859,0,NaN,0.436213512,NaN,NaN,0.010198029,0.133109179,NaN,0.300272604,0.028571429,0.085714286,0,0.21688733,0.398723009,0,0.151166865,0.329150658,0.000874729,0.039669491,0.057142857,0,0.330264974,0.263533292,0,0.018432532,0.287760517,0.007971052,0.439927724
CbMPDiCbraya,group,mine,DL,0,0.215294243,0,0,0,0,0.185491345,0.999503272,0,0.528347583,0.012516596,0,0,0,NaN,NaN,0,0,0,0.362077441,0,0,0.227540764,0.058193482,0.760633598,0.807698145,NaN,0,0,0.095724218,0.055489422,0.792281423,0.25404253,0,0,0,0,0.055581963,0,0.529807237,0.648705066,0.900027924,0.19766007,0,0.253745287,0.430392081,0.411391294,0,0.575455642,0,0.786503013,0.642300294,0.482440808,0,0.158125018,0.71926453,0.278616227,0.185297223,0.849762137,0,0.924275553,0.206849651,0.990402166,0.868528391,0.531367898,0,0,0.565263192,0,0.771361272,0.08363586,0,0.018546798,0,0.861465243,0,1,0.549165005,NaN,NaN,0.477087106,0,0.176628635,0,0,0,0,0.945954684,0,0,0,0,NaN,0.485720606,0,0.657790313,0.301569388,0,0.057344965,0,0,0.892409922,NaN,0,0.164992825,1,0,0,0,NaN,0.539560191,NaN,NaN,0,0.441341708,NaN,0.023592988,0,0.906581016,0,0.442065059,0.006569409,0.938466051,0.844034435,0,0.988821422,0,0.454564714,0.213022397,0.279316989,0.037622652,0,0.795348892,0.383013492,0.233889349,0
CbMPDiCbraya,group,mine,HD,0,0,0,0,0,0,0,0,0,0,0,0,0,0,NaN,NaN,0,0,0,0,0,0,0,0,0,0,NaN,0,0,0,0,0,0,0,0,0,0,0,0,0,0,0,0,0,0,0,0,0,0,0,0,0,0,0,0,0,0,0,0,0,0,0,0,0,0,0,0,0,0,0,0,0,0,0,0,0,0,0,NaN,NaN,0,0,0,0,0,0,0,0,0,0,0,0,NaN,0,0,0,0,0,0,0,0,0,NaN,0,0,0,0,0,0,NaN,0,NaN,NaN,0,0,NaN,0,0,0,0,0,0,0,0,0,0,0,0,0,0,0,0,0,0,0,0
CbMPDiCbraya,group,mine,DR,0.515249383,0.453101176,0,0.971428571,0.613790475,0.988413432,0.221773155,0.000496728,0.142857143,0.419308878,0.160497438,0.030885908,0,0.696602151,NaN,NaN,0.903604322,0.449119962,0.977459714,0.437792282,0.556382818,0.97720126,0.005080782,0.926940683,0.193984275,0.189843924,NaN,0.023673167,0.042390472,0.059973773,0.829271576,0.005335043,0.713813974,0.389999636,0.998059491,0.101894153,0.377540964,0.020317299,0.998292009,0.04039455,0.350997471,0.042829219,0.030915915,0.692268617,0.648579742,0.095235906,0.476229209,1,0.307123873,0.736823141,0.213496987,0.254784529,0.048649595,0.984416575,0.027934868,0.244768496,0.017580744,0.697727751,0.148876625,0.953809107,0.066356504,0.080514317,0,0.012056994,0.15103304,0.761401081,0.904584887,0.30993738,0.991757512,0.212619719,0.811649681,0.741989162,0.933920998,0.569976397,0.123003805,0.778962274,0,0.450834995,NaN,NaN,0.451661028,0.705832022,0.472457105,0.892545998,0.65094046,0.059977743,0.326974823,0.006524173,0.872301299,0.384575575,1,0.031077317,NaN,0.066548729,0.990628565,0.342099274,0.683229434,0.858926432,0.367840811,0.916135868,0.981023694,0.067193069,NaN,1,0.270219658,0,0.125225347,0.988270141,1,NaN,0.004662695,NaN,NaN,0.982636502,0.409302927,NaN,0.391970958,0.971428571,0.007704698,1,0.096432829,0.528946636,0.061533949,0.0047987,0.566942441,0.010303849,0.960330509,0.488292429,0.786977603,0.344147906,0.553239342,1,0.15294033,0.224590264,0.541049273,0.278711845
CbMPDiCbraya,group,Shale,HeS,0,0,0.845330361,NaN,0,NaN,NaN,0,NaN,NaN,0.312700981,0,0,NaN,NaN,NaN,0.179051252,0,0.405278223,0.65549041,0,NaN,NaN,0,NaN,0,NaN,0,NaN,NaN,0.22444141,0,0.002011741,0,0,NaN,0,0.439565081,0.585419285,NaN,NaN,NaN,0,0,0,0.03474181,0.081289552,0,0,0.659555896,0,0,0.171414237,0,0,0,0.180403054,0.051739463,0.498694458,0.315744368,0.000985361,0,0,0,0,0,0,0,0.502731191,0.200441239,0,0.18730442,0,0,NaN,0,NaN,0,NaN,NaN,0.443677107,0,NaN,0,0.181158398,0.008491519,0.178338816,NaN,0.509338766,0,0.269915711,0.965418464,0,0,0,0.00160101,0.10222988,0,0.169594148,0.226524418,0.092607383,NaN,NaN,0,0.038968475,0,0,0,0,NaN,0,NaN,NaN,0.558010009,0,NaN,0.52413916,NaN,NaN,NaN,0.385494117,0,0.105460388,0,0.012305883,0,0.01018411,0,0,0,0,0.660010359,NaN,NaN,NaN,0
CbMPDiCbraya,group,Shale,HoS,0.005689577,0,0.141682626,NaN,0.025974026,NaN,NaN,0.904997732,NaN,NaN,0.03267093,0,0,NaN,NaN,NaN,0.067370989,0.005843976,0.084504353,0.26741558,0.077922078,NaN,NaN,0,NaN,0,NaN,0.051948052,NaN,NaN,0,8.06E-06,0.993833493,0.001195071,0.012987013,NaN,0.635278101,0.558422797,0.036173166,NaN,NaN,NaN,0.017989559,0,0.207516111,0.258191132,0,0,0.02414809,0.234609227,0.769078928,0.025974026,0.538660115,0.077922078,0.000573143,0.012200794,0.122175779,3.73E-05,0.012177186,0.684255632,0,0,0,0.064935065,0.064935065,0.064935065,0.03357383,0,0.359551316,0.175903797,0.120401537,0.731419252,0,0.17757529,NaN,0,NaN,0.043224218,NaN,NaN,0.006162182,0,NaN,0.004259601,0.201414152,0.079855821,0.52498622,NaN,0.410565944,0.008638201,0.726243916,0.012881074,0.00176392,0,0.060880796,0.105195341,0.775767789,0.007800395,0.22028397,0.741290953,0.383715563,NaN,NaN,0,0,0,0.016881968,0.011809042,0.001554442,NaN,0.025974026,NaN,NaN,0.392959351,0,NaN,0.47586084,NaN,NaN,NaN,0.518727835,0.133800426,0.036450526,0.032140702,0.106364407,0.012987013,0.002212923,0,0,0,0,0.339989641,NaN,NaN,NaN,0
CbMPDiCbraya,group,Shale,DL,0.865533728,0,0.012987013,NaN,0,NaN,NaN,0,NaN,NaN,0.425525859,0,0,NaN,NaN,NaN,0,0,0,0,0,NaN,NaN,0,NaN,0,NaN,0,NaN,NaN,0,0.968468228,0,0,0.012289348,NaN,0,0,0,NaN,NaN,NaN,0,0,0.742356219,0.617727502,0.073899812,0,0.920826486,0.033452626,0,0,0,0,0.778471791,0,0.348597888,0.295481768,0,0,0.870894098,1,0.540398119,0.128185368,0,0,0,0,0,0.587423403,0,0.003080444,0,0.606174983,NaN,0,NaN,0.63064852,NaN,NaN,0,0,NaN,0.489823829,0,0.07904518,0.073884668,NaN,0.069069019,0,0,0,0.660698055,0.984061692,0.441762821,0.428751951,0.000989054,0,0.002629512,0.002497637,0.162608051,NaN,NaN,0.051948052,0.902070047,0,0,0.921194652,0,NaN,0,NaN,NaN,0,0,NaN,0,NaN,NaN,NaN,0.008765584,0.639151287,0.746337184,0.587155005,0.012584557,0.807062174,0.582574343,0.313005572,0,0.064543214,0,0,NaN,NaN,NaN,0.708880394
CbMPDiCbraya,group,Shale,HD,0,0,0,NaN,0,NaN,NaN,0,NaN,NaN,0,0,0,NaN,NaN,NaN,0,0,0,0,0,NaN,NaN,0,NaN,0,NaN,0,NaN,NaN,0,0,0,0,0,NaN,0,0,0,NaN,NaN,NaN,0,0,0,0,0,0,0,0,0,0,0,0,0,0,0,0,0,0,0,0,0,0,0,0,0,0,0,0,0,0,0,0,NaN,0,NaN,0,NaN,NaN,0,0,NaN,0,0,0,0,NaN,0,0,0,0,0,0,0,0,0,0,0,0,0,NaN,NaN,0,0,0,0,0,0,NaN,0,NaN,NaN,0,0,NaN,0,NaN,NaN,NaN,0,0,0,0,0,0,0,0,0,0,0,0,NaN,NaN,NaN,0
CbMPDiCbraya,group,Shale,DR,0.128776695,1,0,NaN,0.974025974,NaN,NaN,0.095002268,NaN,NaN,0.229102229,1,1,NaN,NaN,NaN,0.753577759,0.994156024,0.510217424,0.077094009,0.922077922,NaN,NaN,1,NaN,1,NaN,0.948051948,NaN,NaN,0.77555859,0.031523714,0.004154766,0.998804929,0.974723639,NaN,0.364721899,0.002012122,0.378407549,NaN,NaN,NaN,0.982010441,1,0.050127671,0.089339556,0.844810635,1,0.055025424,0.072382251,0.230921072,0.974025974,0.289925648,0.922077922,0.220955065,0.987799206,0.348823279,0.652741452,0.489128357,0,0.128120541,0,0.459601881,0.806879567,0.935064935,0.935064935,0.96642617,1,0.137717493,0.036231561,0.879598463,0.078195885,1,0.216249727,NaN,1,NaN,0.326127262,NaN,NaN,0.550160711,1,NaN,0.505916569,0.617427451,0.83260748,0.222790297,NaN,0.011026271,0.991361799,0.003840373,0.021700462,0.337538026,0.015938308,0.497356383,0.464451698,0.121013277,0.992199605,0.60749237,0.029686992,0.361069004,NaN,NaN,0.948051948,0.058961478,1,0.983118032,0.066996306,0.998445558,NaN,0.974025974,NaN,NaN,0.049030639,1,NaN,0,NaN,NaN,NaN,0.087012464,0.227048287,0.111751902,0.380704293,0.868745153,0.179950813,0.405028624,0.686994428,1,0.935456786,1,0,NaN,NaN,NaN,0.291119606
