"sample","Phylum","value","group","depth","group_depth","country","BioProject","dominant_phylum"
"CRR933318","Actinomycetota",0.471467012,"oil",1350,"C","China","PRJCA020971","Pseudomonadota"
"CRR933318","Bacillota",5.570044406,"oil",1350,"C","China","PRJCA020971","Pseudomonadota"
"CRR933318","Bacteroidota",5.161424352,"oil",1350,"C","China","PRJCA020971","Pseudomonadota"
"CRR933318","Campylobacterota",26.611765418,"oil",1350,"C","China","PRJCA020971","Pseudomonadota"
"CRR933318","Desulfobacterota",1.716189688,"oil",1350,"C","China","PRJCA020971","Pseudomonadota"
"CRR933318","Halobacteriota",0.055928362,"oil",1350,"C","China","PRJCA020971","Pseudomonadota"
"CRR933318","Methanobacteriota",0.024647773,"oil",1350,"C","China","PRJCA020971","Pseudomonadota"
"CRR933318","Omnitrophota",0,"oil",1350,"C","China","PRJCA020971","Pseudomonadota"
"CRR933318","Others",0.541588592,"oil",1350,"C","China","PRJCA020971","Pseudomonadota"
"CRR933318","Patescibacteria",0.018024097,"oil",1350,"C","China","PRJCA020971","Pseudomonadota"
"CRR933318","Pseudomonadota",59.828920301,"oil",1350,"C","China","PRJCA020971","Pseudomonadota"
"CRR933319","Actinomycetota",0.018931061,"oil",1350,"C","China","PRJCA020971","Pseudomonadota"
"CRR933319","Bacillota",1.057599923,"oil",1350,"C","China","PRJCA020971","Pseudomonadota"
"CRR933319","Bacteroidota",5.656347053,"oil",1350,"C","China","PRJCA020971","Pseudomonadota"
"CRR933319","Campylobacterota",38.018374765,"oil",1350,"C","China","PRJCA020971","Pseudomonadota"
"CRR933319","Desulfobacterota",0.50983096,"oil",1350,"C","China","PRJCA020971","Pseudomonadota"
"CRR933319","Halobacteriota",0.012987749,"oil",1350,"C","China","PRJCA020971","Pseudomonadota"
"CRR933319","Methanobacteriota",0.07419987,"oil",1350,"C","China","PRJCA020971","Pseudomonadota"
"CRR933319","Omnitrophota",0,"oil",1350,"C","China","PRJCA020971","Pseudomonadota"
"CRR933319","Others",1.329405963,"oil",1350,"C","China","PRJCA020971","Pseudomonadota"
"CRR933319","Patescibacteria",0.005397819,"oil",1350,"C","China","PRJCA020971","Pseudomonadota"
"CRR933319","Pseudomonadota",53.316924846,"oil",1350,"C","China","PRJCA020971","Pseudomonadota"
"CRR933320","Actinomycetota",0.582291979,"oil",1357,"C","China","PRJCA020971","Pseudomonadota"
"CRR933320","Bacillota",0.405954347,"oil",1357,"C","China","PRJCA020971","Pseudomonadota"
"CRR933320","Bacteroidota",2.601128588,"oil",1357,"C","China","PRJCA020971","Pseudomonadota"
"CRR933320","Campylobacterota",1.505219851,"oil",1357,"C","China","PRJCA020971","Pseudomonadota"
"CRR933320","Desulfobacterota",0.863470689,"oil",1357,"C","China","PRJCA020971","Pseudomonadota"
"CRR933320","Halobacteriota",0.121936917,"oil",1357,"C","China","PRJCA020971","Pseudomonadota"
"CRR933320","Methanobacteriota",0.078520376,"oil",1357,"C","China","PRJCA020971","Pseudomonadota"
"CRR933320","Omnitrophota",0,"oil",1357,"C","China","PRJCA020971","Pseudomonadota"
"CRR933320","Others",0.378778818,"oil",1357,"C","China","PRJCA020971","Pseudomonadota"
"CRR933320","Patescibacteria",0,"oil",1357,"C","China","PRJCA020971","Pseudomonadota"
"CRR933320","Pseudomonadota",93.462698439,"oil",1357,"C","China","PRJCA020971","Pseudomonadota"
"CRR933321","Actinomycetota",0.002576838,"oil",1000,"C","China","PRJCA020971","Pseudomonadota"
"CRR933321","Bacillota",4.138373254,"oil",1000,"C","China","PRJCA020971","Pseudomonadota"
"CRR933321","Bacteroidota",1.873242286,"oil",1000,"C","China","PRJCA020971","Pseudomonadota"
"CRR933321","Campylobacterota",2.58498194,"oil",1000,"C","China","PRJCA020971","Pseudomonadota"
"CRR933321","Desulfobacterota",1.774076759,"oil",1000,"C","China","PRJCA020971","Pseudomonadota"
"CRR933321","Halobacteriota",0.70717651,"oil",1000,"C","China","PRJCA020971","Pseudomonadota"
"CRR933321","Methanobacteriota",0.040546532,"oil",1000,"C","China","PRJCA020971","Pseudomonadota"
"CRR933321","Omnitrophota",0.100025835,"oil",1000,"C","China","PRJCA020971","Pseudomonadota"
"CRR933321","Others",4.017422665,"oil",1000,"C","China","PRJCA020971","Pseudomonadota"
"CRR933321","Patescibacteria",3.136426227,"oil",1000,"C","China","PRJCA020971","Pseudomonadota"
"CRR933321","Pseudomonadota",81.62515116,"oil",1000,"C","China","PRJCA020971","Pseudomonadota"
"CRR933322","Actinomycetota",0.009666204,"oil",1000,"C","China","PRJCA020971","Pseudomonadota"
"CRR933322","Bacillota",2.731477296,"oil",1000,"C","China","PRJCA020971","Pseudomonadota"
"CRR933322","Bacteroidota",6.370678991,"oil",1000,"C","China","PRJCA020971","Pseudomonadota"
"CRR933322","Campylobacterota",3.150958002,"oil",1000,"C","China","PRJCA020971","Pseudomonadota"
"CRR933322","Desulfobacterota",0.620070054,"oil",1000,"C","China","PRJCA020971","Pseudomonadota"
"CRR933322","Halobacteriota",0.659438347,"oil",1000,"C","China","PRJCA020971","Pseudomonadota"
"CRR933322","Methanobacteriota",0.002828083,"oil",1000,"C","China","PRJCA020971","Pseudomonadota"
"CRR933322","Omnitrophota",0.009976185,"oil",1000,"C","China","PRJCA020971","Pseudomonadota"
"CRR933322","Others",0.566481121,"oil",1000,"C","China","PRJCA020971","Pseudomonadota"
"CRR933322","Patescibacteria",1.081958104,"oil",1000,"C","China","PRJCA020971","Pseudomonadota"
"CRR933322","Pseudomonadota",84.796467599,"oil",1000,"C","China","PRJCA020971","Pseudomonadota"
"CRR933323","Actinomycetota",0.114869932,"oil",1000,"C","China","PRJCA020971","Pseudomonadota"
"CRR933323","Bacillota",0.195570267,"oil",1000,"C","China","PRJCA020971","Pseudomonadota"
"CRR933323","Bacteroidota",0.846615342,"oil",1000,"C","China","PRJCA020971","Pseudomonadota"
"CRR933323","Campylobacterota",8.467902417,"oil",1000,"C","China","PRJCA020971","Pseudomonadota"
"CRR933323","Desulfobacterota",1.278674934,"oil",1000,"C","China","PRJCA020971","Pseudomonadota"
"CRR933323","Halobacteriota",0.450193274,"oil",1000,"C","China","PRJCA020971","Pseudomonadota"
"CRR933323","Methanobacteriota",0.011866642,"oil",1000,"C","China","PRJCA020971","Pseudomonadota"
"CRR933323","Omnitrophota",0.030492394,"oil",1000,"C","China","PRJCA020971","Pseudomonadota"
"CRR933323","Others",1.716829874,"oil",1000,"C","China","PRJCA020971","Pseudomonadota"
"CRR933323","Patescibacteria",2.079285703,"oil",1000,"C","China","PRJCA020971","Pseudomonadota"
"CRR933323","Pseudomonadota",84.807699211,"oil",1000,"C","China","PRJCA020971","Pseudomonadota"
"CRR933324","Actinomycetota",0.004735392,"oil",350,"A","China","PRJCA020971","Pseudomonadota"
"CRR933324","Bacillota",0.002723218,"oil",350,"A","China","PRJCA020971","Pseudomonadota"
"CRR933324","Bacteroidota",0.007146497,"oil",350,"A","China","PRJCA020971","Pseudomonadota"
"CRR933324","Campylobacterota",0.000600116,"oil",350,"A","China","PRJCA020971","Pseudomonadota"
"CRR933324","Desulfobacterota",0.004679061,"oil",350,"A","China","PRJCA020971","Pseudomonadota"
"CRR933324","Halobacteriota",0.002010115,"oil",350,"A","China","PRJCA020971","Pseudomonadota"
"CRR933324","Methanobacteriota",0,"oil",350,"A","China","PRJCA020971","Pseudomonadota"
"CRR933324","Omnitrophota",0,"oil",350,"A","China","PRJCA020971","Pseudomonadota"
"CRR933324","Others",3.425575903,"oil",350,"A","China","PRJCA020971","Pseudomonadota"
"CRR933324","Patescibacteria",0.001772451,"oil",350,"A","China","PRJCA020971","Pseudomonadota"
"CRR933324","Pseudomonadota",96.550757246,"oil",350,"A","China","PRJCA020971","Pseudomonadota"
"CRR933325","Actinomycetota",0.010364056,"oil",1170,"C","China","PRJCA020971","Pseudomonadota"
"CRR933325","Bacillota",0,"oil",1170,"C","China","PRJCA020971","Pseudomonadota"
"CRR933325","Bacteroidota",1.524178583,"oil",1170,"C","China","PRJCA020971","Pseudomonadota"
"CRR933325","Campylobacterota",0.003173593,"oil",1170,"C","China","PRJCA020971","Pseudomonadota"
"CRR933325","Desulfobacterota",0.003719324,"oil",1170,"C","China","PRJCA020971","Pseudomonadota"
"CRR933325","Halobacteriota",0.00077719,"oil",1170,"C","China","PRJCA020971","Pseudomonadota"
"CRR933325","Methanobacteriota",0,"oil",1170,"C","China","PRJCA020971","Pseudomonadota"
"CRR933325","Omnitrophota",0,"oil",1170,"C","China","PRJCA020971","Pseudomonadota"
"CRR933325","Others",0.022889212,"oil",1170,"C","China","PRJCA020971","Pseudomonadota"
"CRR933325","Patescibacteria",0.00149651,"oil",1170,"C","China","PRJCA020971","Pseudomonadota"
"CRR933325","Pseudomonadota",98.433401535,"oil",1170,"C","China","PRJCA020971","Pseudomonadota"
"CRR933393","Actinomycetota",11.553236237,"oil",1600,"D","China","PRJCA020971","Pseudomonadota"
"CRR933393","Bacillota",0.090296429,"oil",1600,"D","China","PRJCA020971","Pseudomonadota"
"CRR933393","Bacteroidota",2.139913503,"oil",1600,"D","China","PRJCA020971","Pseudomonadota"
"CRR933393","Campylobacterota",1.811571462,"oil",1600,"D","China","PRJCA020971","Pseudomonadota"
"CRR933393","Desulfobacterota",0.197146504,"oil",1600,"D","China","PRJCA020971","Pseudomonadota"
"CRR933393","Halobacteriota",0.049688958,"oil",1600,"D","China","PRJCA020971","Pseudomonadota"
"CRR933393","Methanobacteriota",0.202723391,"oil",1600,"D","China","PRJCA020971","Pseudomonadota"
"CRR933393","Omnitrophota",0,"oil",1600,"D","China","PRJCA020971","Pseudomonadota"
"CRR933393","Others",3.442356783,"oil",1600,"D","China","PRJCA020971","Pseudomonadota"
"CRR933393","Patescibacteria",0,"oil",1600,"D","China","PRJCA020971","Pseudomonadota"
"CRR933393","Pseudomonadota",80.513066738,"oil",1600,"D","China","PRJCA020971","Pseudomonadota"
"CRR933394","Actinomycetota",6.244099787,"oil",1355.95,"C","China","PRJCA020971","Pseudomonadota"
"CRR933394","Bacillota",0.185613779,"oil",1355.95,"C","China","PRJCA020971","Pseudomonadota"
"CRR933394","Bacteroidota",10.229037077,"oil",1355.95,"C","China","PRJCA020971","Pseudomonadota"
"CRR933394","Campylobacterota",0.028698046,"oil",1355.95,"C","China","PRJCA020971","Pseudomonadota"
"CRR933394","Desulfobacterota",0.358042758,"oil",1355.95,"C","China","PRJCA020971","Pseudomonadota"
"CRR933394","Halobacteriota",0.261405498,"oil",1355.95,"C","China","PRJCA020971","Pseudomonadota"
"CRR933394","Methanobacteriota",0.076899147,"oil",1355.95,"C","China","PRJCA020971","Pseudomonadota"
"CRR933394","Omnitrophota",0,"oil",1355.95,"C","China","PRJCA020971","Pseudomonadota"
"CRR933394","Others",1.391229464,"oil",1355.95,"C","China","PRJCA020971","Pseudomonadota"
"CRR933394","Patescibacteria",0.006776083,"oil",1355.95,"C","China","PRJCA020971","Pseudomonadota"
"CRR933394","Pseudomonadota",81.218198357,"oil",1355.95,"C","China","PRJCA020971","Pseudomonadota"
"CRR933395","Actinomycetota",22.435446121,"oil",1324.45,"C","China","PRJCA020971","Pseudomonadota"
"CRR933395","Bacillota",0.009083526,"oil",1324.45,"C","China","PRJCA020971","Pseudomonadota"
"CRR933395","Bacteroidota",0.008731111,"oil",1324.45,"C","China","PRJCA020971","Pseudomonadota"
"CRR933395","Campylobacterota",0.362591991,"oil",1324.45,"C","China","PRJCA020971","Pseudomonadota"
"CRR933395","Desulfobacterota",0.008434766,"oil",1324.45,"C","China","PRJCA020971","Pseudomonadota"
"CRR933395","Halobacteriota",0.027889768,"oil",1324.45,"C","China","PRJCA020971","Pseudomonadota"
"CRR933395","Methanobacteriota",0.104106555,"oil",1324.45,"C","China","PRJCA020971","Pseudomonadota"
"CRR933395","Omnitrophota",0,"oil",1324.45,"C","China","PRJCA020971","Pseudomonadota"
"CRR933395","Others",1.68157928,"oil",1324.45,"C","China","PRJCA020971","Pseudomonadota"
"CRR933395","Patescibacteria",0,"oil",1324.45,"C","China","PRJCA020971","Pseudomonadota"
"CRR933395","Pseudomonadota",75.362136887,"oil",1324.45,"C","China","PRJCA020971","Pseudomonadota"
"CRR933396","Actinomycetota",57.82919371,"oil",1920,"D","China","PRJCA020971","Actinomycetota"
"CRR933396","Bacillota",0,"oil",1920,"D","China","PRJCA020971","Actinomycetota"
"CRR933396","Bacteroidota",0,"oil",1920,"D","China","PRJCA020971","Actinomycetota"
"CRR933396","Campylobacterota",0.271716174,"oil",1920,"D","China","PRJCA020971","Actinomycetota"
"CRR933396","Desulfobacterota",0,"oil",1920,"D","China","PRJCA020971","Actinomycetota"
"CRR933396","Halobacteriota",0,"oil",1920,"D","China","PRJCA020971","Actinomycetota"
"CRR933396","Methanobacteriota",1.012151469,"oil",1920,"D","China","PRJCA020971","Actinomycetota"
"CRR933396","Omnitrophota",0,"oil",1920,"D","China","PRJCA020971","Actinomycetota"
"CRR933396","Others",7.878281354,"oil",1920,"D","China","PRJCA020971","Actinomycetota"
"CRR933396","Patescibacteria",0.050476537,"oil",1920,"D","China","PRJCA020971","Actinomycetota"
"CRR933396","Pseudomonadota",32.958180757,"oil",1920,"D","China","PRJCA020971","Actinomycetota"
"CRR933397","Actinomycetota",5.501300922,"oil",149,"A","China","PRJCA020971","Pseudomonadota"
"CRR933397","Bacillota",0,"oil",149,"A","China","PRJCA020971","Pseudomonadota"
"CRR933397","Bacteroidota",8.683722829,"oil",149,"A","China","PRJCA020971","Pseudomonadota"
"CRR933397","Campylobacterota",0.011237295,"oil",149,"A","China","PRJCA020971","Pseudomonadota"
"CRR933397","Desulfobacterota",0,"oil",149,"A","China","PRJCA020971","Pseudomonadota"
"CRR933397","Halobacteriota",0,"oil",149,"A","China","PRJCA020971","Pseudomonadota"
"CRR933397","Methanobacteriota",0.005367359,"oil",149,"A","China","PRJCA020971","Pseudomonadota"
"CRR933397","Omnitrophota",0,"oil",149,"A","China","PRJCA020971","Pseudomonadota"
"CRR933397","Others",0.338264029,"oil",149,"A","China","PRJCA020971","Pseudomonadota"
"CRR933397","Patescibacteria",0,"oil",149,"A","China","PRJCA020971","Pseudomonadota"
"CRR933397","Pseudomonadota",85.460107561,"oil",149,"A","China","PRJCA020971","Pseudomonadota"
"CRR933398","Actinomycetota",0.007351399,"oil",399.185,"A","China","PRJCA020971","Pseudomonadota"
"CRR933398","Bacillota",0.091049491,"oil",399.185,"A","China","PRJCA020971","Pseudomonadota"
"CRR933398","Bacteroidota",0,"oil",399.185,"A","China","PRJCA020971","Pseudomonadota"
"CRR933398","Campylobacterota",0,"oil",399.185,"A","China","PRJCA020971","Pseudomonadota"
"CRR933398","Desulfobacterota",0.263106011,"oil",399.185,"A","China","PRJCA020971","Pseudomonadota"
"CRR933398","Halobacteriota",0,"oil",399.185,"A","China","PRJCA020971","Pseudomonadota"
"CRR933398","Methanobacteriota",0,"oil",399.185,"A","China","PRJCA020971","Pseudomonadota"
"CRR933398","Omnitrophota",0,"oil",399.185,"A","China","PRJCA020971","Pseudomonadota"
"CRR933398","Others",0.208910447,"oil",399.185,"A","China","PRJCA020971","Pseudomonadota"
"CRR933398","Patescibacteria",0,"oil",399.185,"A","China","PRJCA020971","Pseudomonadota"
"CRR933398","Pseudomonadota",99.429582653,"oil",399.185,"A","China","PRJCA020971","Pseudomonadota"
"CRR933399","Actinomycetota",25.78437139,"oil",476,"A","Kazakhstan","PRJCA020971","Pseudomonadota"
"CRR933399","Bacillota",1.148069448,"oil",476,"A","Kazakhstan","PRJCA020971","Pseudomonadota"
"CRR933399","Bacteroidota",6.230875008,"oil",476,"A","Kazakhstan","PRJCA020971","Pseudomonadota"
"CRR933399","Campylobacterota",0,"oil",476,"A","Kazakhstan","PRJCA020971","Pseudomonadota"
"CRR933399","Desulfobacterota",0,"oil",476,"A","Kazakhstan","PRJCA020971","Pseudomonadota"
"CRR933399","Halobacteriota",0,"oil",476,"A","Kazakhstan","PRJCA020971","Pseudomonadota"
"CRR933399","Methanobacteriota",0,"oil",476,"A","Kazakhstan","PRJCA020971","Pseudomonadota"
"CRR933399","Omnitrophota",0,"oil",476,"A","Kazakhstan","PRJCA020971","Pseudomonadota"
"CRR933399","Others",11.488133659,"oil",476,"A","Kazakhstan","PRJCA020971","Pseudomonadota"
"CRR933399","Patescibacteria",0,"oil",476,"A","Kazakhstan","PRJCA020971","Pseudomonadota"
"CRR933399","Pseudomonadota",55.348550507,"oil",476,"A","Kazakhstan","PRJCA020971","Pseudomonadota"
"CRR933400","Actinomycetota",0.167292571,"oil",1060,"C","Kazakhstan","PRJCA020971","Pseudomonadota"
"CRR933400","Bacillota",0.265178747,"oil",1060,"C","Kazakhstan","PRJCA020971","Pseudomonadota"
"CRR933400","Bacteroidota",0.005840785,"oil",1060,"C","Kazakhstan","PRJCA020971","Pseudomonadota"
"CRR933400","Campylobacterota",0,"oil",1060,"C","Kazakhstan","PRJCA020971","Pseudomonadota"
"CRR933400","Desulfobacterota",0.013879042,"oil",1060,"C","Kazakhstan","PRJCA020971","Pseudomonadota"
"CRR933400","Halobacteriota",12.69291659,"oil",1060,"C","Kazakhstan","PRJCA020971","Pseudomonadota"
"CRR933400","Methanobacteriota",0,"oil",1060,"C","Kazakhstan","PRJCA020971","Pseudomonadota"
"CRR933400","Omnitrophota",0,"oil",1060,"C","Kazakhstan","PRJCA020971","Pseudomonadota"
"CRR933400","Others",0.041743405,"oil",1060,"C","Kazakhstan","PRJCA020971","Pseudomonadota"
"CRR933400","Patescibacteria",0.005304029,"oil",1060,"C","Kazakhstan","PRJCA020971","Pseudomonadota"
"CRR933400","Pseudomonadota",86.807844824,"oil",1060,"C","Kazakhstan","PRJCA020971","Pseudomonadota"
"CRR933401","Actinomycetota",0.098284833,"oil",399.185,"A","Kazakhstan","PRJCA020971","Pseudomonadota"
"CRR933401","Bacillota",0.023298901,"oil",399.185,"A","Kazakhstan","PRJCA020971","Pseudomonadota"
"CRR933401","Bacteroidota",6.75491482,"oil",399.185,"A","Kazakhstan","PRJCA020971","Pseudomonadota"
"CRR933401","Campylobacterota",0,"oil",399.185,"A","Kazakhstan","PRJCA020971","Pseudomonadota"
"CRR933401","Desulfobacterota",0,"oil",399.185,"A","Kazakhstan","PRJCA020971","Pseudomonadota"
"CRR933401","Halobacteriota",0,"oil",399.185,"A","Kazakhstan","PRJCA020971","Pseudomonadota"
"CRR933401","Methanobacteriota",0,"oil",399.185,"A","Kazakhstan","PRJCA020971","Pseudomonadota"
"CRR933401","Omnitrophota",0,"oil",399.185,"A","Kazakhstan","PRJCA020971","Pseudomonadota"
"CRR933401","Others",0,"oil",399.185,"A","Kazakhstan","PRJCA020971","Pseudomonadota"
"CRR933401","Patescibacteria",0,"oil",399.185,"A","Kazakhstan","PRJCA020971","Pseudomonadota"
"CRR933401","Pseudomonadota",93.123501448,"oil",399.185,"A","Kazakhstan","PRJCA020971","Pseudomonadota"
"CRR933402","Actinomycetota",4.790051842,"oil",340,"A","China","PRJCA020971","Pseudomonadota"
"CRR933402","Bacillota",0,"oil",340,"A","China","PRJCA020971","Pseudomonadota"
"CRR933402","Bacteroidota",1.218192424,"oil",340,"A","China","PRJCA020971","Pseudomonadota"
"CRR933402","Campylobacterota",0,"oil",340,"A","China","PRJCA020971","Pseudomonadota"
"CRR933402","Desulfobacterota",4.572436411,"oil",340,"A","China","PRJCA020971","Pseudomonadota"
"CRR933402","Halobacteriota",0.658826207,"oil",340,"A","China","PRJCA020971","Pseudomonadota"
"CRR933402","Methanobacteriota",4.113819135,"oil",340,"A","China","PRJCA020971","Pseudomonadota"
"CRR933402","Omnitrophota",0,"oil",340,"A","China","PRJCA020971","Pseudomonadota"
"CRR933402","Others",7.034437764,"oil",340,"A","China","PRJCA020971","Pseudomonadota"
"CRR933402","Patescibacteria",0,"oil",340,"A","China","PRJCA020971","Pseudomonadota"
"CRR933402","Pseudomonadota",77.612236223,"oil",340,"A","China","PRJCA020971","Pseudomonadota"
"CRR933403","Actinomycetota",0.01500362,"oil",340,"A","China","PRJCA020971","Pseudomonadota"
"CRR933403","Bacillota",0.041819352,"oil",340,"A","China","PRJCA020971","Pseudomonadota"
"CRR933403","Bacteroidota",3.500949777,"oil",340,"A","China","PRJCA020971","Pseudomonadota"
"CRR933403","Campylobacterota",0.083527433,"oil",340,"A","China","PRJCA020971","Pseudomonadota"
"CRR933403","Desulfobacterota",2.110641455,"oil",340,"A","China","PRJCA020971","Pseudomonadota"
"CRR933403","Halobacteriota",2.398273836,"oil",340,"A","China","PRJCA020971","Pseudomonadota"
"CRR933403","Methanobacteriota",0.466229989,"oil",340,"A","China","PRJCA020971","Pseudomonadota"
"CRR933403","Omnitrophota",0,"oil",340,"A","China","PRJCA020971","Pseudomonadota"
"CRR933403","Others",1.614130355,"oil",340,"A","China","PRJCA020971","Pseudomonadota"
"CRR933403","Patescibacteria",0,"oil",340,"A","China","PRJCA020971","Pseudomonadota"
"CRR933403","Pseudomonadota",89.769424184,"oil",340,"A","China","PRJCA020971","Pseudomonadota"
"CRR933404","Actinomycetota",1.025424108,"oil",1009.4,"C","China","PRJCA020971","Pseudomonadota"
"CRR933404","Bacillota",0,"oil",1009.4,"C","China","PRJCA020971","Pseudomonadota"
"CRR933404","Bacteroidota",20.751038785,"oil",1009.4,"C","China","PRJCA020971","Pseudomonadota"
"CRR933404","Campylobacterota",4.779785036,"oil",1009.4,"C","China","PRJCA020971","Pseudomonadota"
"CRR933404","Desulfobacterota",0,"oil",1009.4,"C","China","PRJCA020971","Pseudomonadota"
"CRR933404","Halobacteriota",0,"oil",1009.4,"C","China","PRJCA020971","Pseudomonadota"
"CRR933404","Methanobacteriota",0,"oil",1009.4,"C","China","PRJCA020971","Pseudomonadota"
"CRR933404","Omnitrophota",0,"oil",1009.4,"C","China","PRJCA020971","Pseudomonadota"
"CRR933404","Others",0.022738346,"oil",1009.4,"C","China","PRJCA020971","Pseudomonadota"
"CRR933404","Patescibacteria",0.03981315,"oil",1009.4,"C","China","PRJCA020971","Pseudomonadota"
"CRR933404","Pseudomonadota",73.381200571,"oil",1009.4,"C","China","PRJCA020971","Pseudomonadota"
"CRR933405","Actinomycetota",10.605681305,"oil",986.5,"B","China","PRJCA020971","Pseudomonadota"
"CRR933405","Bacillota",0.4931398,"oil",986.5,"B","China","PRJCA020971","Pseudomonadota"
"CRR933405","Bacteroidota",13.07123069,"oil",986.5,"B","China","PRJCA020971","Pseudomonadota"
"CRR933405","Campylobacterota",0.769112086,"oil",986.5,"B","China","PRJCA020971","Pseudomonadota"
"CRR933405","Desulfobacterota",0.454488092,"oil",986.5,"B","China","PRJCA020971","Pseudomonadota"
"CRR933405","Halobacteriota",0.032564771,"oil",986.5,"B","China","PRJCA020971","Pseudomonadota"
"CRR933405","Methanobacteriota",0.084577403,"oil",986.5,"B","China","PRJCA020971","Pseudomonadota"
"CRR933405","Omnitrophota",0,"oil",986.5,"B","China","PRJCA020971","Pseudomonadota"
"CRR933405","Others",10.483747804,"oil",986.5,"B","China","PRJCA020971","Pseudomonadota"
"CRR933405","Patescibacteria",0.696390629,"oil",986.5,"B","China","PRJCA020971","Pseudomonadota"
"CRR933405","Pseudomonadota",63.30906741,"oil",986.5,"B","China","PRJCA020971","Pseudomonadota"
"CRR933406","Actinomycetota",9.876637845,"oil",1034,"C","China","PRJCA020971","Pseudomonadota"
"CRR933406","Bacillota",0.039955292,"oil",1034,"C","China","PRJCA020971","Pseudomonadota"
"CRR933406","Bacteroidota",2.23221195,"oil",1034,"C","China","PRJCA020971","Pseudomonadota"
"CRR933406","Campylobacterota",0,"oil",1034,"C","China","PRJCA020971","Pseudomonadota"
"CRR933406","Desulfobacterota",0.042101332,"oil",1034,"C","China","PRJCA020971","Pseudomonadota"
"CRR933406","Halobacteriota",0.083437788,"oil",1034,"C","China","PRJCA020971","Pseudomonadota"
"CRR933406","Methanobacteriota",0.014244355,"oil",1034,"C","China","PRJCA020971","Pseudomonadota"
"CRR933406","Omnitrophota",0,"oil",1034,"C","China","PRJCA020971","Pseudomonadota"
"CRR933406","Others",13.040831775,"oil",1034,"C","China","PRJCA020971","Pseudomonadota"
"CRR933406","Patescibacteria",0.33375948,"oil",1034,"C","China","PRJCA020971","Pseudomonadota"
"CRR933406","Pseudomonadota",74.33682018,"oil",1034,"C","China","PRJCA020971","Pseudomonadota"
"CRR933407","Actinomycetota",0.2844797,"oil",1039.55,"C","China","PRJCA020971","Pseudomonadota"
"CRR933407","Bacillota",0,"oil",1039.55,"C","China","PRJCA020971","Pseudomonadota"
"CRR933407","Bacteroidota",0.209847258,"oil",1039.55,"C","China","PRJCA020971","Pseudomonadota"
"CRR933407","Campylobacterota",0,"oil",1039.55,"C","China","PRJCA020971","Pseudomonadota"
"CRR933407","Desulfobacterota",0.058081557,"oil",1039.55,"C","China","PRJCA020971","Pseudomonadota"
"CRR933407","Halobacteriota",0.076425585,"oil",1039.55,"C","China","PRJCA020971","Pseudomonadota"
"CRR933407","Methanobacteriota",0,"oil",1039.55,"C","China","PRJCA020971","Pseudomonadota"
"CRR933407","Omnitrophota",0,"oil",1039.55,"C","China","PRJCA020971","Pseudomonadota"
"CRR933407","Others",0.291471437,"oil",1039.55,"C","China","PRJCA020971","Pseudomonadota"
"CRR933407","Patescibacteria",0.833730306,"oil",1039.55,"C","China","PRJCA020971","Pseudomonadota"
"CRR933407","Pseudomonadota",98.245964151,"oil",1039.55,"C","China","PRJCA020971","Pseudomonadota"
"CRR933408","Actinomycetota",1.678567029,"oil",1590,"D","China","PRJCA020971","Pseudomonadota"
"CRR933408","Bacillota",0,"oil",1590,"D","China","PRJCA020971","Pseudomonadota"
"CRR933408","Bacteroidota",10.07919852,"oil",1590,"D","China","PRJCA020971","Pseudomonadota"
"CRR933408","Campylobacterota",0.01348378,"oil",1590,"D","China","PRJCA020971","Pseudomonadota"
"CRR933408","Desulfobacterota",0,"oil",1590,"D","China","PRJCA020971","Pseudomonadota"
"CRR933408","Halobacteriota",0,"oil",1590,"D","China","PRJCA020971","Pseudomonadota"
"CRR933408","Methanobacteriota",0.006723946,"oil",1590,"D","China","PRJCA020971","Pseudomonadota"
"CRR933408","Omnitrophota",0,"oil",1590,"D","China","PRJCA020971","Pseudomonadota"
"CRR933408","Others",0.787893845,"oil",1590,"D","China","PRJCA020971","Pseudomonadota"
"CRR933408","Patescibacteria",0,"oil",1590,"D","China","PRJCA020971","Pseudomonadota"
"CRR933408","Pseudomonadota",87.434132878,"oil",1590,"D","China","PRJCA020971","Pseudomonadota"
"CRR933409","Actinomycetota",0.011462641,"oil",1781,"D","China","PRJCA020971","Pseudomonadota"
"CRR933409","Bacillota",1.480291056,"oil",1781,"D","China","PRJCA020971","Pseudomonadota"
"CRR933409","Bacteroidota",6.337529657,"oil",1781,"D","China","PRJCA020971","Pseudomonadota"
"CRR933409","Campylobacterota",1.325719521,"oil",1781,"D","China","PRJCA020971","Pseudomonadota"
"CRR933409","Desulfobacterota",0.058334964,"oil",1781,"D","China","PRJCA020971","Pseudomonadota"
"CRR933409","Halobacteriota",0.352756306,"oil",1781,"D","China","PRJCA020971","Pseudomonadota"
"CRR933409","Methanobacteriota",0,"oil",1781,"D","China","PRJCA020971","Pseudomonadota"
"CRR933409","Omnitrophota",0,"oil",1781,"D","China","PRJCA020971","Pseudomonadota"
"CRR933409","Others",0.059342381,"oil",1781,"D","China","PRJCA020971","Pseudomonadota"
"CRR933409","Patescibacteria",0,"oil",1781,"D","China","PRJCA020971","Pseudomonadota"
"CRR933409","Pseudomonadota",90.374563472,"oil",1781,"D","China","PRJCA020971","Pseudomonadota"
"CRR933410","Actinomycetota",2.252293678,"oil",1513,"D","China","PRJCA020971","Pseudomonadota"
"CRR933410","Bacillota",0.075615852,"oil",1513,"D","China","PRJCA020971","Pseudomonadota"
"CRR933410","Bacteroidota",0,"oil",1513,"D","China","PRJCA020971","Pseudomonadota"
"CRR933410","Campylobacterota",0.040796198,"oil",1513,"D","China","PRJCA020971","Pseudomonadota"
"CRR933410","Desulfobacterota",0,"oil",1513,"D","China","PRJCA020971","Pseudomonadota"
"CRR933410","Halobacteriota",0.082502977,"oil",1513,"D","China","PRJCA020971","Pseudomonadota"
"CRR933410","Methanobacteriota",0.909578107,"oil",1513,"D","China","PRJCA020971","Pseudomonadota"
"CRR933410","Omnitrophota",0,"oil",1513,"D","China","PRJCA020971","Pseudomonadota"
"CRR933410","Others",0.083134947,"oil",1513,"D","China","PRJCA020971","Pseudomonadota"
"CRR933410","Patescibacteria",0.522425254,"oil",1513,"D","China","PRJCA020971","Pseudomonadota"
"CRR933410","Pseudomonadota",96.033652986,"oil",1513,"D","China","PRJCA020971","Pseudomonadota"
"CRR933411","Actinomycetota",0.074361403,"oil",1570,"D","China","PRJCA020971","Pseudomonadota"
"CRR933411","Bacillota",13.107219248,"oil",1570,"D","China","PRJCA020971","Pseudomonadota"
"CRR933411","Bacteroidota",14.537738816,"oil",1570,"D","China","PRJCA020971","Pseudomonadota"
"CRR933411","Campylobacterota",17.92937752,"oil",1570,"D","China","PRJCA020971","Pseudomonadota"
"CRR933411","Desulfobacterota",1.159154798,"oil",1570,"D","China","PRJCA020971","Pseudomonadota"
"CRR933411","Halobacteriota",0.190430078,"oil",1570,"D","China","PRJCA020971","Pseudomonadota"
"CRR933411","Methanobacteriota",0.058102401,"oil",1570,"D","China","PRJCA020971","Pseudomonadota"
"CRR933411","Omnitrophota",0,"oil",1570,"D","China","PRJCA020971","Pseudomonadota"
"CRR933411","Others",4.02118765,"oil",1570,"D","China","PRJCA020971","Pseudomonadota"
"CRR933411","Patescibacteria",0.76147151,"oil",1570,"D","China","PRJCA020971","Pseudomonadota"
"CRR933411","Pseudomonadota",48.160956574,"oil",1570,"D","China","PRJCA020971","Pseudomonadota"
"CRR933412","Actinomycetota",0,"oil",1711,"D","China","PRJCA020971","Pseudomonadota"
"CRR933412","Bacillota",17.722510837,"oil",1711,"D","China","PRJCA020971","Pseudomonadota"
"CRR933412","Bacteroidota",12.279654801,"oil",1711,"D","China","PRJCA020971","Pseudomonadota"
"CRR933412","Campylobacterota",2.438597421,"oil",1711,"D","China","PRJCA020971","Pseudomonadota"
"CRR933412","Desulfobacterota",1.428147379,"oil",1711,"D","China","PRJCA020971","Pseudomonadota"
"CRR933412","Halobacteriota",0.270470733,"oil",1711,"D","China","PRJCA020971","Pseudomonadota"
"CRR933412","Methanobacteriota",0.046897758,"oil",1711,"D","China","PRJCA020971","Pseudomonadota"
"CRR933412","Omnitrophota",0,"oil",1711,"D","China","PRJCA020971","Pseudomonadota"
"CRR933412","Others",3.814411008,"oil",1711,"D","China","PRJCA020971","Pseudomonadota"
"CRR933412","Patescibacteria",0,"oil",1711,"D","China","PRJCA020971","Pseudomonadota"
"CRR933412","Pseudomonadota",61.999310057,"oil",1711,"D","China","PRJCA020971","Pseudomonadota"
"CRR933413","Actinomycetota",0.346825485,"oil",1505,"D","China","PRJCA020971","Pseudomonadota"
"CRR933413","Bacillota",5.892074465,"oil",1505,"D","China","PRJCA020971","Pseudomonadota"
"CRR933413","Bacteroidota",2.002929887,"oil",1505,"D","China","PRJCA020971","Pseudomonadota"
"CRR933413","Campylobacterota",0,"oil",1505,"D","China","PRJCA020971","Pseudomonadota"
"CRR933413","Desulfobacterota",0.212123012,"oil",1505,"D","China","PRJCA020971","Pseudomonadota"
"CRR933413","Halobacteriota",0.241887423,"oil",1505,"D","China","PRJCA020971","Pseudomonadota"
"CRR933413","Methanobacteriota",0.807335655,"oil",1505,"D","China","PRJCA020971","Pseudomonadota"
"CRR933413","Omnitrophota",0,"oil",1505,"D","China","PRJCA020971","Pseudomonadota"
"CRR933413","Others",8.247806806,"oil",1505,"D","China","PRJCA020971","Pseudomonadota"
"CRR933413","Patescibacteria",1.289303301,"oil",1505,"D","China","PRJCA020971","Pseudomonadota"
"CRR933413","Pseudomonadota",80.959713971,"oil",1505,"D","China","PRJCA020971","Pseudomonadota"
"CRR933414","Actinomycetota",0,"oil",1700,"D","China","PRJCA020971","Pseudomonadota"
"CRR933414","Bacillota",0.202051373,"oil",1700,"D","China","PRJCA020971","Pseudomonadota"
"CRR933414","Bacteroidota",0.248268152,"oil",1700,"D","China","PRJCA020971","Pseudomonadota"
"CRR933414","Campylobacterota",0,"oil",1700,"D","China","PRJCA020971","Pseudomonadota"
"CRR933414","Desulfobacterota",0,"oil",1700,"D","China","PRJCA020971","Pseudomonadota"
"CRR933414","Halobacteriota",0.013357763,"oil",1700,"D","China","PRJCA020971","Pseudomonadota"
"CRR933414","Methanobacteriota",0.1765596,"oil",1700,"D","China","PRJCA020971","Pseudomonadota"
"CRR933414","Omnitrophota",0,"oil",1700,"D","China","PRJCA020971","Pseudomonadota"
"CRR933414","Others",0,"oil",1700,"D","China","PRJCA020971","Pseudomonadota"
"CRR933414","Patescibacteria",0,"oil",1700,"D","China","PRJCA020971","Pseudomonadota"
"CRR933414","Pseudomonadota",99.359763108,"oil",1700,"D","China","PRJCA020971","Pseudomonadota"
"CRR933415","Actinomycetota",2.58107854,"oil",1646,"D","China","PRJCA020971","Pseudomonadota"
"CRR933415","Bacillota",0,"oil",1646,"D","China","PRJCA020971","Pseudomonadota"
"CRR933415","Bacteroidota",1.641225317,"oil",1646,"D","China","PRJCA020971","Pseudomonadota"
"CRR933415","Campylobacterota",0.116211425,"oil",1646,"D","China","PRJCA020971","Pseudomonadota"
"CRR933415","Desulfobacterota",0,"oil",1646,"D","China","PRJCA020971","Pseudomonadota"
"CRR933415","Halobacteriota",0,"oil",1646,"D","China","PRJCA020971","Pseudomonadota"
"CRR933415","Methanobacteriota",0,"oil",1646,"D","China","PRJCA020971","Pseudomonadota"
"CRR933415","Omnitrophota",0,"oil",1646,"D","China","PRJCA020971","Pseudomonadota"
"CRR933415","Others",0.41361685,"oil",1646,"D","China","PRJCA020971","Pseudomonadota"
"CRR933415","Patescibacteria",0,"oil",1646,"D","China","PRJCA020971","Pseudomonadota"
"CRR933415","Pseudomonadota",95.247867874,"oil",1646,"D","China","PRJCA020971","Pseudomonadota"
"CRR933416","Actinomycetota",0,"oil",1645,"D","China","PRJCA020971","Pseudomonadota"
"CRR933416","Bacillota",0,"oil",1645,"D","China","PRJCA020971","Pseudomonadota"
"CRR933416","Bacteroidota",0,"oil",1645,"D","China","PRJCA020971","Pseudomonadota"
"CRR933416","Campylobacterota",0,"oil",1645,"D","China","PRJCA020971","Pseudomonadota"
"CRR933416","Desulfobacterota",0,"oil",1645,"D","China","PRJCA020971","Pseudomonadota"
"CRR933416","Halobacteriota",0,"oil",1645,"D","China","PRJCA020971","Pseudomonadota"
"CRR933416","Methanobacteriota",0,"oil",1645,"D","China","PRJCA020971","Pseudomonadota"
"CRR933416","Omnitrophota",0,"oil",1645,"D","China","PRJCA020971","Pseudomonadota"
"CRR933416","Others",0,"oil",1645,"D","China","PRJCA020971","Pseudomonadota"
"CRR933416","Patescibacteria",0,"oil",1645,"D","China","PRJCA020971","Pseudomonadota"
"CRR933416","Pseudomonadota",100.000000001,"oil",1645,"D","China","PRJCA020971","Pseudomonadota"
"CRR933417","Actinomycetota",40.990104656,"oil",1253.4,"C","China","PRJCA020971","Pseudomonadota"
"CRR933417","Bacillota",0.192600263,"oil",1253.4,"C","China","PRJCA020971","Pseudomonadota"
"CRR933417","Bacteroidota",5.559246237,"oil",1253.4,"C","China","PRJCA020971","Pseudomonadota"
"CRR933417","Campylobacterota",0.234971342,"oil",1253.4,"C","China","PRJCA020971","Pseudomonadota"
"CRR933417","Desulfobacterota",0.000759425,"oil",1253.4,"C","China","PRJCA020971","Pseudomonadota"
"CRR933417","Halobacteriota",0.146653683,"oil",1253.4,"C","China","PRJCA020971","Pseudomonadota"
"CRR933417","Methanobacteriota",0.159089626,"oil",1253.4,"C","China","PRJCA020971","Pseudomonadota"
"CRR933417","Omnitrophota",0,"oil",1253.4,"C","China","PRJCA020971","Pseudomonadota"
"CRR933417","Others",0.041234873,"oil",1253.4,"C","China","PRJCA020971","Pseudomonadota"
"CRR933417","Patescibacteria",0.006029535,"oil",1253.4,"C","China","PRJCA020971","Pseudomonadota"
"CRR933417","Pseudomonadota",52.669310365,"oil",1253.4,"C","China","PRJCA020971","Pseudomonadota"
"CRR933418","Actinomycetota",1.2119868,"oil",1355.95,"C","China","PRJCA020971","Pseudomonadota"
"CRR933418","Bacillota",0.173608471,"oil",1355.95,"C","China","PRJCA020971","Pseudomonadota"
"CRR933418","Bacteroidota",3.168149507,"oil",1355.95,"C","China","PRJCA020971","Pseudomonadota"
"CRR933418","Campylobacterota",0,"oil",1355.95,"C","China","PRJCA020971","Pseudomonadota"
"CRR933418","Desulfobacterota",0.417571806,"oil",1355.95,"C","China","PRJCA020971","Pseudomonadota"
"CRR933418","Halobacteriota",0.015858152,"oil",1355.95,"C","China","PRJCA020971","Pseudomonadota"
"CRR933418","Methanobacteriota",0.057950587,"oil",1355.95,"C","China","PRJCA020971","Pseudomonadota"
"CRR933418","Omnitrophota",0,"oil",1355.95,"C","China","PRJCA020971","Pseudomonadota"
"CRR933418","Others",0.76717526,"oil",1355.95,"C","China","PRJCA020971","Pseudomonadota"
"CRR933418","Patescibacteria",0,"oil",1355.95,"C","China","PRJCA020971","Pseudomonadota"
"CRR933418","Pseudomonadota",94.18769942,"oil",1355.95,"C","China","PRJCA020971","Pseudomonadota"
"CRR933419","Actinomycetota",1.70780665,"oil",1538,"D","China","PRJCA020971","Pseudomonadota"
"CRR933419","Bacillota",0.002760388,"oil",1538,"D","China","PRJCA020971","Pseudomonadota"
"CRR933419","Bacteroidota",0.532176986,"oil",1538,"D","China","PRJCA020971","Pseudomonadota"
"CRR933419","Campylobacterota",2.690471836,"oil",1538,"D","China","PRJCA020971","Pseudomonadota"
"CRR933419","Desulfobacterota",0.009229576,"oil",1538,"D","China","PRJCA020971","Pseudomonadota"
"CRR933419","Halobacteriota",0.000535116,"oil",1538,"D","China","PRJCA020971","Pseudomonadota"
"CRR933419","Methanobacteriota",0.044668851,"oil",1538,"D","China","PRJCA020971","Pseudomonadota"
"CRR933419","Omnitrophota",0,"oil",1538,"D","China","PRJCA020971","Pseudomonadota"
"CRR933419","Others",0.771569552,"oil",1538,"D","China","PRJCA020971","Pseudomonadota"
"CRR933419","Patescibacteria",0,"oil",1538,"D","China","PRJCA020971","Pseudomonadota"
"CRR933419","Pseudomonadota",94.240781046,"oil",1538,"D","China","PRJCA020971","Pseudomonadota"
"CRR933420","Actinomycetota",0.163210574,"oil",1530,"D","China","PRJCA020971","Pseudomonadota"
"CRR933420","Bacillota",0.011711131,"oil",1530,"D","China","PRJCA020971","Pseudomonadota"
"CRR933420","Bacteroidota",1.18263765,"oil",1530,"D","China","PRJCA020971","Pseudomonadota"
"CRR933420","Campylobacterota",2.698965742,"oil",1530,"D","China","PRJCA020971","Pseudomonadota"
"CRR933420","Desulfobacterota",0.049358069,"oil",1530,"D","China","PRJCA020971","Pseudomonadota"
"CRR933420","Halobacteriota",0.016809784,"oil",1530,"D","China","PRJCA020971","Pseudomonadota"
"CRR933420","Methanobacteriota",0.014445235,"oil",1530,"D","China","PRJCA020971","Pseudomonadota"
"CRR933420","Omnitrophota",0,"oil",1530,"D","China","PRJCA020971","Pseudomonadota"
"CRR933420","Others",0.081916847,"oil",1530,"D","China","PRJCA020971","Pseudomonadota"
"CRR933420","Patescibacteria",0.024869797,"oil",1530,"D","China","PRJCA020971","Pseudomonadota"
"CRR933420","Pseudomonadota",95.756075176,"oil",1530,"D","China","PRJCA020971","Pseudomonadota"
"CRR933421","Actinomycetota",14.772196075,"oil",167.8,"A","China","PRJCA020971","Pseudomonadota"
"CRR933421","Bacillota",0.051952831,"oil",167.8,"A","China","PRJCA020971","Pseudomonadota"
"CRR933421","Bacteroidota",0.0022983,"oil",167.8,"A","China","PRJCA020971","Pseudomonadota"
"CRR933421","Campylobacterota",0,"oil",167.8,"A","China","PRJCA020971","Pseudomonadota"
"CRR933421","Desulfobacterota",0,"oil",167.8,"A","China","PRJCA020971","Pseudomonadota"
"CRR933421","Halobacteriota",0,"oil",167.8,"A","China","PRJCA020971","Pseudomonadota"
"CRR933421","Methanobacteriota",0,"oil",167.8,"A","China","PRJCA020971","Pseudomonadota"
"CRR933421","Omnitrophota",0,"oil",167.8,"A","China","PRJCA020971","Pseudomonadota"
"CRR933421","Others",0.000781482,"oil",167.8,"A","China","PRJCA020971","Pseudomonadota"
"CRR933421","Patescibacteria",0,"oil",167.8,"A","China","PRJCA020971","Pseudomonadota"
"CRR933421","Pseudomonadota",85.172771318,"oil",167.8,"A","China","PRJCA020971","Pseudomonadota"
"CRR933422","Actinomycetota",4.269123182,"oil",167.8,"A","China","PRJCA020971","Pseudomonadota"
"CRR933422","Bacillota",0.0511282,"oil",167.8,"A","China","PRJCA020971","Pseudomonadota"
"CRR933422","Bacteroidota",0,"oil",167.8,"A","China","PRJCA020971","Pseudomonadota"
"CRR933422","Campylobacterota",0,"oil",167.8,"A","China","PRJCA020971","Pseudomonadota"
"CRR933422","Desulfobacterota",1.6455617,"oil",167.8,"A","China","PRJCA020971","Pseudomonadota"
"CRR933422","Halobacteriota",0.102044483,"oil",167.8,"A","China","PRJCA020971","Pseudomonadota"
"CRR933422","Methanobacteriota",0,"oil",167.8,"A","China","PRJCA020971","Pseudomonadota"
"CRR933422","Omnitrophota",0,"oil",167.8,"A","China","PRJCA020971","Pseudomonadota"
"CRR933422","Others",1.501654085,"oil",167.8,"A","China","PRJCA020971","Pseudomonadota"
"CRR933422","Patescibacteria",0,"oil",167.8,"A","China","PRJCA020971","Pseudomonadota"
"CRR933422","Pseudomonadota",92.430488352,"oil",167.8,"A","China","PRJCA020971","Pseudomonadota"
"CRR933423","Actinomycetota",1.693756618,"oil",253.9,"A","China","PRJCA020971","Pseudomonadota"
"CRR933423","Bacillota",0.001609564,"oil",253.9,"A","China","PRJCA020971","Pseudomonadota"
"CRR933423","Bacteroidota",0.291260115,"oil",253.9,"A","China","PRJCA020971","Pseudomonadota"
"CRR933423","Campylobacterota",0,"oil",253.9,"A","China","PRJCA020971","Pseudomonadota"
"CRR933423","Desulfobacterota",0.045437888,"oil",253.9,"A","China","PRJCA020971","Pseudomonadota"
"CRR933423","Halobacteriota",0.030490064,"oil",253.9,"A","China","PRJCA020971","Pseudomonadota"
"CRR933423","Methanobacteriota",0.000950757,"oil",253.9,"A","China","PRJCA020971","Pseudomonadota"
"CRR933423","Omnitrophota",0,"oil",253.9,"A","China","PRJCA020971","Pseudomonadota"
"CRR933423","Others",0.324229857,"oil",253.9,"A","China","PRJCA020971","Pseudomonadota"
"CRR933423","Patescibacteria",0,"oil",253.9,"A","China","PRJCA020971","Pseudomonadota"
"CRR933423","Pseudomonadota",97.612265133,"oil",253.9,"A","China","PRJCA020971","Pseudomonadota"
"CRR933424","Actinomycetota",2.818874634,"oil",379,"A","China","PRJCA020971","Pseudomonadota"
"CRR933424","Bacillota",0,"oil",379,"A","China","PRJCA020971","Pseudomonadota"
"CRR933424","Bacteroidota",2.297740698,"oil",379,"A","China","PRJCA020971","Pseudomonadota"
"CRR933424","Campylobacterota",0.16036535,"oil",379,"A","China","PRJCA020971","Pseudomonadota"
"CRR933424","Desulfobacterota",0.004749211,"oil",379,"A","China","PRJCA020971","Pseudomonadota"
"CRR933424","Halobacteriota",0,"oil",379,"A","China","PRJCA020971","Pseudomonadota"
"CRR933424","Methanobacteriota",0,"oil",379,"A","China","PRJCA020971","Pseudomonadota"
"CRR933424","Omnitrophota",0,"oil",379,"A","China","PRJCA020971","Pseudomonadota"
"CRR933424","Others",0.164210341,"oil",379,"A","China","PRJCA020971","Pseudomonadota"
"CRR933424","Patescibacteria",0,"oil",379,"A","China","PRJCA020971","Pseudomonadota"
"CRR933424","Pseudomonadota",94.554059767,"oil",379,"A","China","PRJCA020971","Pseudomonadota"
"CRR933425","Actinomycetota",0.306494759,"oil",167.8,"A","China","PRJCA020971","Pseudomonadota"
"CRR933425","Bacillota",1.17382778,"oil",167.8,"A","China","PRJCA020971","Pseudomonadota"
"CRR933425","Bacteroidota",1.200035451,"oil",167.8,"A","China","PRJCA020971","Pseudomonadota"
"CRR933425","Campylobacterota",0,"oil",167.8,"A","China","PRJCA020971","Pseudomonadota"
"CRR933425","Desulfobacterota",0.273312629,"oil",167.8,"A","China","PRJCA020971","Pseudomonadota"
"CRR933425","Halobacteriota",0,"oil",167.8,"A","China","PRJCA020971","Pseudomonadota"
"CRR933425","Methanobacteriota",0,"oil",167.8,"A","China","PRJCA020971","Pseudomonadota"
"CRR933425","Omnitrophota",0,"oil",167.8,"A","China","PRJCA020971","Pseudomonadota"
"CRR933425","Others",0.166102413,"oil",167.8,"A","China","PRJCA020971","Pseudomonadota"
"CRR933425","Patescibacteria",0,"oil",167.8,"A","China","PRJCA020971","Pseudomonadota"
"CRR933425","Pseudomonadota",96.88022696,"oil",167.8,"A","China","PRJCA020971","Pseudomonadota"
"CRR933426","Actinomycetota",0.003023236,"oil",2900,"E","China","PRJCA020971","Pseudomonadota"
"CRR933426","Bacillota",0.567772181,"oil",2900,"E","China","PRJCA020971","Pseudomonadota"
"CRR933426","Bacteroidota",0.001821799,"oil",2900,"E","China","PRJCA020971","Pseudomonadota"
"CRR933426","Campylobacterota",0,"oil",2900,"E","China","PRJCA020971","Pseudomonadota"
"CRR933426","Desulfobacterota",0.055253493,"oil",2900,"E","China","PRJCA020971","Pseudomonadota"
"CRR933426","Halobacteriota",0.003618165,"oil",2900,"E","China","PRJCA020971","Pseudomonadota"
"CRR933426","Methanobacteriota",0.012168205,"oil",2900,"E","China","PRJCA020971","Pseudomonadota"
"CRR933426","Omnitrophota",0,"oil",2900,"E","China","PRJCA020971","Pseudomonadota"
"CRR933426","Others",0.303190229,"oil",2900,"E","China","PRJCA020971","Pseudomonadota"
"CRR933426","Patescibacteria",0.167756167,"oil",2900,"E","China","PRJCA020971","Pseudomonadota"
"CRR933426","Pseudomonadota",98.885396523,"oil",2900,"E","China","PRJCA020971","Pseudomonadota"
"CRR933427","Actinomycetota",7.674852217,"oil",1091.26,"C","China","PRJCA020971","Pseudomonadota"
"CRR933427","Bacillota",0.128228364,"oil",1091.26,"C","China","PRJCA020971","Pseudomonadota"
"CRR933427","Bacteroidota",2.802511349,"oil",1091.26,"C","China","PRJCA020971","Pseudomonadota"
"CRR933427","Campylobacterota",0.001298987,"oil",1091.26,"C","China","PRJCA020971","Pseudomonadota"
"CRR933427","Desulfobacterota",0.000711507,"oil",1091.26,"C","China","PRJCA020971","Pseudomonadota"
"CRR933427","Halobacteriota",0.002543506,"oil",1091.26,"C","China","PRJCA020971","Pseudomonadota"
"CRR933427","Methanobacteriota",0.250449903,"oil",1091.26,"C","China","PRJCA020971","Pseudomonadota"
"CRR933427","Omnitrophota",0,"oil",1091.26,"C","China","PRJCA020971","Pseudomonadota"
"CRR933427","Others",11.110004014,"oil",1091.26,"C","China","PRJCA020971","Pseudomonadota"
"CRR933427","Patescibacteria",0.001316657,"oil",1091.26,"C","China","PRJCA020971","Pseudomonadota"
"CRR933427","Pseudomonadota",78.0280835,"oil",1091.26,"C","China","PRJCA020971","Pseudomonadota"
"CRR933428","Actinomycetota",35.199429521,"oil",142.75,"A","China","PRJCA020971","Pseudomonadota"
"CRR933428","Bacillota",0.193274962,"oil",142.75,"A","China","PRJCA020971","Pseudomonadota"
"CRR933428","Bacteroidota",1.873253417,"oil",142.75,"A","China","PRJCA020971","Pseudomonadota"
"CRR933428","Campylobacterota",0,"oil",142.75,"A","China","PRJCA020971","Pseudomonadota"
"CRR933428","Desulfobacterota",0.067926571,"oil",142.75,"A","China","PRJCA020971","Pseudomonadota"
"CRR933428","Halobacteriota",0.023029928,"oil",142.75,"A","China","PRJCA020971","Pseudomonadota"
"CRR933428","Methanobacteriota",0.035237129,"oil",142.75,"A","China","PRJCA020971","Pseudomonadota"
"CRR933428","Omnitrophota",0,"oil",142.75,"A","China","PRJCA020971","Pseudomonadota"
"CRR933428","Others",2.40419715,"oil",142.75,"A","China","PRJCA020971","Pseudomonadota"
"CRR933428","Patescibacteria",0.001704294,"oil",142.75,"A","China","PRJCA020971","Pseudomonadota"
"CRR933428","Pseudomonadota",60.201947017,"oil",142.75,"A","China","PRJCA020971","Pseudomonadota"
"CRR933429","Actinomycetota",5.891524162,"oil",153.5,"A","China","PRJCA020971","Pseudomonadota"
"CRR933429","Bacillota",0.036895176,"oil",153.5,"A","China","PRJCA020971","Pseudomonadota"
"CRR933429","Bacteroidota",0.609786117,"oil",153.5,"A","China","PRJCA020971","Pseudomonadota"
"CRR933429","Campylobacterota",0,"oil",153.5,"A","China","PRJCA020971","Pseudomonadota"
"CRR933429","Desulfobacterota",0.007057549,"oil",153.5,"A","China","PRJCA020971","Pseudomonadota"
"CRR933429","Halobacteriota",0,"oil",153.5,"A","China","PRJCA020971","Pseudomonadota"
"CRR933429","Methanobacteriota",0.004782958,"oil",153.5,"A","China","PRJCA020971","Pseudomonadota"
"CRR933429","Omnitrophota",0,"oil",153.5,"A","China","PRJCA020971","Pseudomonadota"
"CRR933429","Others",0.017338555,"oil",153.5,"A","China","PRJCA020971","Pseudomonadota"
"CRR933429","Patescibacteria",0,"oil",153.5,"A","China","PRJCA020971","Pseudomonadota"
"CRR933429","Pseudomonadota",93.432615475,"oil",153.5,"A","China","PRJCA020971","Pseudomonadota"
"CRR933430","Actinomycetota",0.006345397,"oil",397.75,"A","China","PRJCA020971","Pseudomonadota"
"CRR933430","Bacillota",0.041776668,"oil",397.75,"A","China","PRJCA020971","Pseudomonadota"
"CRR933430","Bacteroidota",0.276153122,"oil",397.75,"A","China","PRJCA020971","Pseudomonadota"
"CRR933430","Campylobacterota",0.002363023,"oil",397.75,"A","China","PRJCA020971","Pseudomonadota"
"CRR933430","Desulfobacterota",0.208937659,"oil",397.75,"A","China","PRJCA020971","Pseudomonadota"
"CRR933430","Halobacteriota",0.001205229,"oil",397.75,"A","China","PRJCA020971","Pseudomonadota"
"CRR933430","Methanobacteriota",0.027887804,"oil",397.75,"A","China","PRJCA020971","Pseudomonadota"
"CRR933430","Omnitrophota",0,"oil",397.75,"A","China","PRJCA020971","Pseudomonadota"
"CRR933430","Others",0.45020844,"oil",397.75,"A","China","PRJCA020971","Pseudomonadota"
"CRR933430","Patescibacteria",0.098455717,"oil",397.75,"A","China","PRJCA020971","Pseudomonadota"
"CRR933430","Pseudomonadota",98.886666942,"oil",397.75,"A","China","PRJCA020971","Pseudomonadota"
"CRR933431","Actinomycetota",8.991394625,"oil",1067,"C","China","PRJCA020971","Pseudomonadota"
"CRR933431","Bacillota",0.316565384,"oil",1067,"C","China","PRJCA020971","Pseudomonadota"
"CRR933431","Bacteroidota",0.595573562,"oil",1067,"C","China","PRJCA020971","Pseudomonadota"
"CRR933431","Campylobacterota",0,"oil",1067,"C","China","PRJCA020971","Pseudomonadota"
"CRR933431","Desulfobacterota",0.597048679,"oil",1067,"C","China","PRJCA020971","Pseudomonadota"
"CRR933431","Halobacteriota",0.002219659,"oil",1067,"C","China","PRJCA020971","Pseudomonadota"
"CRR933431","Methanobacteriota",0,"oil",1067,"C","China","PRJCA020971","Pseudomonadota"
"CRR933431","Omnitrophota",0,"oil",1067,"C","China","PRJCA020971","Pseudomonadota"
"CRR933431","Others",2.627479338,"oil",1067,"C","China","PRJCA020971","Pseudomonadota"
"CRR933431","Patescibacteria",0.555441404,"oil",1067,"C","China","PRJCA020971","Pseudomonadota"
"CRR933431","Pseudomonadota",86.314277339,"oil",1067,"C","China","PRJCA020971","Pseudomonadota"
"CRR933432","Actinomycetota",1.348303381,"oil",1067,"C","China","PRJCA020971","Pseudomonadota"
"CRR933432","Bacillota",2.285612975,"oil",1067,"C","China","PRJCA020971","Pseudomonadota"
"CRR933432","Bacteroidota",4.81648113,"oil",1067,"C","China","PRJCA020971","Pseudomonadota"
"CRR933432","Campylobacterota",0.097310509,"oil",1067,"C","China","PRJCA020971","Pseudomonadota"
"CRR933432","Desulfobacterota",2.402914965,"oil",1067,"C","China","PRJCA020971","Pseudomonadota"
"CRR933432","Halobacteriota",6.150846814,"oil",1067,"C","China","PRJCA020971","Pseudomonadota"
"CRR933432","Methanobacteriota",1.340542064,"oil",1067,"C","China","PRJCA020971","Pseudomonadota"
"CRR933432","Omnitrophota",0,"oil",1067,"C","China","PRJCA020971","Pseudomonadota"
"CRR933432","Others",22.714492393,"oil",1067,"C","China","PRJCA020971","Pseudomonadota"
"CRR933432","Patescibacteria",10.546813448,"oil",1067,"C","China","PRJCA020971","Pseudomonadota"
"CRR933432","Pseudomonadota",48.296682313,"oil",1067,"C","China","PRJCA020971","Pseudomonadota"
"CRR933433","Actinomycetota",0.74540634,"oil",1067,"C","China","PRJCA020971","Pseudomonadota"
"CRR933433","Bacillota",0.886407881,"oil",1067,"C","China","PRJCA020971","Pseudomonadota"
"CRR933433","Bacteroidota",6.326498355,"oil",1067,"C","China","PRJCA020971","Pseudomonadota"
"CRR933433","Campylobacterota",0.005501094,"oil",1067,"C","China","PRJCA020971","Pseudomonadota"
"CRR933433","Desulfobacterota",0.42241793,"oil",1067,"C","China","PRJCA020971","Pseudomonadota"
"CRR933433","Halobacteriota",0.43530522,"oil",1067,"C","China","PRJCA020971","Pseudomonadota"
"CRR933433","Methanobacteriota",0.791099648,"oil",1067,"C","China","PRJCA020971","Pseudomonadota"
"CRR933433","Omnitrophota",0,"oil",1067,"C","China","PRJCA020971","Pseudomonadota"
"CRR933433","Others",5.13421305,"oil",1067,"C","China","PRJCA020971","Pseudomonadota"
"CRR933433","Patescibacteria",2.312765916,"oil",1067,"C","China","PRJCA020971","Pseudomonadota"
"CRR933433","Pseudomonadota",82.940384578,"oil",1067,"C","China","PRJCA020971","Pseudomonadota"
"CRR933434","Actinomycetota",5.826025769,"oil",1067,"C","China","PRJCA020971","Pseudomonadota"
"CRR933434","Bacillota",1.523735133,"oil",1067,"C","China","PRJCA020971","Pseudomonadota"
"CRR933434","Bacteroidota",15.047314754,"oil",1067,"C","China","PRJCA020971","Pseudomonadota"
"CRR933434","Campylobacterota",0.017950938,"oil",1067,"C","China","PRJCA020971","Pseudomonadota"
"CRR933434","Desulfobacterota",0.080170026,"oil",1067,"C","China","PRJCA020971","Pseudomonadota"
"CRR933434","Halobacteriota",0.649351711,"oil",1067,"C","China","PRJCA020971","Pseudomonadota"
"CRR933434","Methanobacteriota",0.803056515,"oil",1067,"C","China","PRJCA020971","Pseudomonadota"
"CRR933434","Omnitrophota",0,"oil",1067,"C","China","PRJCA020971","Pseudomonadota"
"CRR933434","Others",9.186863562,"oil",1067,"C","China","PRJCA020971","Pseudomonadota"
"CRR933434","Patescibacteria",0.620772163,"oil",1067,"C","China","PRJCA020971","Pseudomonadota"
"CRR933434","Pseudomonadota",66.244759428,"oil",1067,"C","China","PRJCA020971","Pseudomonadota"
"CRR933435","Actinomycetota",10.936041904,"oil",989.1,"B","China","PRJCA020971","Pseudomonadota"
"CRR933435","Bacillota",0.022578872,"oil",989.1,"B","China","PRJCA020971","Pseudomonadota"
"CRR933435","Bacteroidota",15.604951578,"oil",989.1,"B","China","PRJCA020971","Pseudomonadota"
"CRR933435","Campylobacterota",0,"oil",989.1,"B","China","PRJCA020971","Pseudomonadota"
"CRR933435","Desulfobacterota",0.017673255,"oil",989.1,"B","China","PRJCA020971","Pseudomonadota"
"CRR933435","Halobacteriota",0.055849088,"oil",989.1,"B","China","PRJCA020971","Pseudomonadota"
"CRR933435","Methanobacteriota",0.051317114,"oil",989.1,"B","China","PRJCA020971","Pseudomonadota"
"CRR933435","Omnitrophota",0,"oil",989.1,"B","China","PRJCA020971","Pseudomonadota"
"CRR933435","Others",1.579407632,"oil",989.1,"B","China","PRJCA020971","Pseudomonadota"
"CRR933435","Patescibacteria",0.337073014,"oil",989.1,"B","China","PRJCA020971","Pseudomonadota"
"CRR933435","Pseudomonadota",71.395107544,"oil",989.1,"B","China","PRJCA020971","Pseudomonadota"
"CRR933436","Actinomycetota",1.300530206,"oil",1009.4,"C","China","PRJCA020971","Pseudomonadota"
"CRR933436","Bacillota",0.028155378,"oil",1009.4,"C","China","PRJCA020971","Pseudomonadota"
"CRR933436","Bacteroidota",0.918729497,"oil",1009.4,"C","China","PRJCA020971","Pseudomonadota"
"CRR933436","Campylobacterota",0.12680197,"oil",1009.4,"C","China","PRJCA020971","Pseudomonadota"
"CRR933436","Desulfobacterota",0.171789802,"oil",1009.4,"C","China","PRJCA020971","Pseudomonadota"
"CRR933436","Halobacteriota",0.019796959,"oil",1009.4,"C","China","PRJCA020971","Pseudomonadota"
"CRR933436","Methanobacteriota",0.001317748,"oil",1009.4,"C","China","PRJCA020971","Pseudomonadota"
"CRR933436","Omnitrophota",0,"oil",1009.4,"C","China","PRJCA020971","Pseudomonadota"
"CRR933436","Others",0.430404875,"oil",1009.4,"C","China","PRJCA020971","Pseudomonadota"
"CRR933436","Patescibacteria",0.194670705,"oil",1009.4,"C","China","PRJCA020971","Pseudomonadota"
"CRR933436","Pseudomonadota",96.807802866,"oil",1009.4,"C","China","PRJCA020971","Pseudomonadota"
"CRR933437","Actinomycetota",44.676216642,"oil",1039.55,"C","China","PRJCA020971","Actinomycetota"
"CRR933437","Bacillota",0,"oil",1039.55,"C","China","PRJCA020971","Actinomycetota"
"CRR933437","Bacteroidota",3.382405319,"oil",1039.55,"C","China","PRJCA020971","Actinomycetota"
"CRR933437","Campylobacterota",0,"oil",1039.55,"C","China","PRJCA020971","Actinomycetota"
"CRR933437","Desulfobacterota",3.855644964,"oil",1039.55,"C","China","PRJCA020971","Actinomycetota"
"CRR933437","Halobacteriota",0,"oil",1039.55,"C","China","PRJCA020971","Actinomycetota"
"CRR933437","Methanobacteriota",0,"oil",1039.55,"C","China","PRJCA020971","Actinomycetota"
"CRR933437","Omnitrophota",0,"oil",1039.55,"C","China","PRJCA020971","Actinomycetota"
"CRR933437","Others",21.724473313,"oil",1039.55,"C","China","PRJCA020971","Actinomycetota"
"CRR933437","Patescibacteria",1.835188845,"oil",1039.55,"C","China","PRJCA020971","Actinomycetota"
"CRR933437","Pseudomonadota",24.526070922,"oil",1039.55,"C","China","PRJCA020971","Actinomycetota"
"CRR933438","Actinomycetota",18.665734701,"oil",1213.8,"C","China","PRJCA020971","Pseudomonadota"
"CRR933438","Bacillota",0.41328189,"oil",1213.8,"C","China","PRJCA020971","Pseudomonadota"
"CRR933438","Bacteroidota",4.681983599,"oil",1213.8,"C","China","PRJCA020971","Pseudomonadota"
"CRR933438","Campylobacterota",0,"oil",1213.8,"C","China","PRJCA020971","Pseudomonadota"
"CRR933438","Desulfobacterota",0.01294517,"oil",1213.8,"C","China","PRJCA020971","Pseudomonadota"
"CRR933438","Halobacteriota",0.048914145,"oil",1213.8,"C","China","PRJCA020971","Pseudomonadota"
"CRR933438","Methanobacteriota",0,"oil",1213.8,"C","China","PRJCA020971","Pseudomonadota"
"CRR933438","Omnitrophota",0,"oil",1213.8,"C","China","PRJCA020971","Pseudomonadota"
"CRR933438","Others",3.109232014,"oil",1213.8,"C","China","PRJCA020971","Pseudomonadota"
"CRR933438","Patescibacteria",0.125988167,"oil",1213.8,"C","China","PRJCA020971","Pseudomonadota"
"CRR933438","Pseudomonadota",72.941920315,"oil",1213.8,"C","China","PRJCA020971","Pseudomonadota"
"CRR933439","Actinomycetota",6.968699963,"oil",1069.6,"C","China","PRJCA020971","Pseudomonadota"
"CRR933439","Bacillota",0.072610674,"oil",1069.6,"C","China","PRJCA020971","Pseudomonadota"
"CRR933439","Bacteroidota",4.342528229,"oil",1069.6,"C","China","PRJCA020971","Pseudomonadota"
"CRR933439","Campylobacterota",0.200650924,"oil",1069.6,"C","China","PRJCA020971","Pseudomonadota"
"CRR933439","Desulfobacterota",0.094643451,"oil",1069.6,"C","China","PRJCA020971","Pseudomonadota"
"CRR933439","Halobacteriota",0.099258856,"oil",1069.6,"C","China","PRJCA020971","Pseudomonadota"
"CRR933439","Methanobacteriota",0.045868711,"oil",1069.6,"C","China","PRJCA020971","Pseudomonadota"
"CRR933439","Omnitrophota",0,"oil",1069.6,"C","China","PRJCA020971","Pseudomonadota"
"CRR933439","Others",35.391664277,"oil",1069.6,"C","China","PRJCA020971","Pseudomonadota"
"CRR933439","Patescibacteria",0.445557233,"oil",1069.6,"C","China","PRJCA020971","Pseudomonadota"
"CRR933439","Pseudomonadota",52.338517686,"oil",1069.6,"C","China","PRJCA020971","Pseudomonadota"
"CRR933440","Actinomycetota",4.359194945,"oil",1053.6,"C","China","PRJCA020971","Patescibacteria"
"CRR933440","Bacillota",1.482067965,"oil",1053.6,"C","China","PRJCA020971","Patescibacteria"
"CRR933440","Bacteroidota",4.028915072,"oil",1053.6,"C","China","PRJCA020971","Patescibacteria"
"CRR933440","Campylobacterota",0.452784485,"oil",1053.6,"C","China","PRJCA020971","Patescibacteria"
"CRR933440","Desulfobacterota",15.27788539,"oil",1053.6,"C","China","PRJCA020971","Patescibacteria"
"CRR933440","Halobacteriota",6.031311272,"oil",1053.6,"C","China","PRJCA020971","Patescibacteria"
"CRR933440","Methanobacteriota",0.114828334,"oil",1053.6,"C","China","PRJCA020971","Patescibacteria"
"CRR933440","Omnitrophota",0.337796761,"oil",1053.6,"C","China","PRJCA020971","Patescibacteria"
"CRR933440","Others",15.120051098,"oil",1053.6,"C","China","PRJCA020971","Patescibacteria"
"CRR933440","Patescibacteria",27.739318796,"oil",1053.6,"C","China","PRJCA020971","Patescibacteria"
"CRR933440","Pseudomonadota",25.055845857,"oil",1053.6,"C","China","PRJCA020971","Patescibacteria"
"CRR933441","Actinomycetota",1.902307516,"oil",1024,"C","China","PRJCA020971","Pseudomonadota"
"CRR933441","Bacillota",4.145462529,"oil",1024,"C","China","PRJCA020971","Pseudomonadota"
"CRR933441","Bacteroidota",17.822986812,"oil",1024,"C","China","PRJCA020971","Pseudomonadota"
"CRR933441","Campylobacterota",1.022754577,"oil",1024,"C","China","PRJCA020971","Pseudomonadota"
"CRR933441","Desulfobacterota",7.753703918,"oil",1024,"C","China","PRJCA020971","Pseudomonadota"
"CRR933441","Halobacteriota",0.501149817,"oil",1024,"C","China","PRJCA020971","Pseudomonadota"
"CRR933441","Methanobacteriota",0.56672328,"oil",1024,"C","China","PRJCA020971","Pseudomonadota"
"CRR933441","Omnitrophota",0.001266142,"oil",1024,"C","China","PRJCA020971","Pseudomonadota"
"CRR933441","Others",39.906723053,"oil",1024,"C","China","PRJCA020971","Pseudomonadota"
"CRR933441","Patescibacteria",4.619832788,"oil",1024,"C","China","PRJCA020971","Pseudomonadota"
"CRR933441","Pseudomonadota",21.75708957,"oil",1024,"C","China","PRJCA020971","Pseudomonadota"
"CRR933442","Actinomycetota",20.775216166,"oil",1024,"C","China","PRJCA020971","Pseudomonadota"
"CRR933442","Bacillota",0.014524124,"oil",1024,"C","China","PRJCA020971","Pseudomonadota"
"CRR933442","Bacteroidota",1.657639642,"oil",1024,"C","China","PRJCA020971","Pseudomonadota"
"CRR933442","Campylobacterota",0.741832834,"oil",1024,"C","China","PRJCA020971","Pseudomonadota"
"CRR933442","Desulfobacterota",0.15559941,"oil",1024,"C","China","PRJCA020971","Pseudomonadota"
"CRR933442","Halobacteriota",0.01360754,"oil",1024,"C","China","PRJCA020971","Pseudomonadota"
"CRR933442","Methanobacteriota",0.029170865,"oil",1024,"C","China","PRJCA020971","Pseudomonadota"
"CRR933442","Omnitrophota",0,"oil",1024,"C","China","PRJCA020971","Pseudomonadota"
"CRR933442","Others",3.337679128,"oil",1024,"C","China","PRJCA020971","Pseudomonadota"
"CRR933442","Patescibacteria",0.197918146,"oil",1024,"C","China","PRJCA020971","Pseudomonadota"
"CRR933442","Pseudomonadota",73.076812143,"oil",1024,"C","China","PRJCA020971","Pseudomonadota"
"CRR933443","Actinomycetota",3.332218293,"oil",1096.6,"C","China","PRJCA020971","Pseudomonadota"
"CRR933443","Bacillota",0.642232245,"oil",1096.6,"C","China","PRJCA020971","Pseudomonadota"
"CRR933443","Bacteroidota",5.761219632,"oil",1096.6,"C","China","PRJCA020971","Pseudomonadota"
"CRR933443","Campylobacterota",2.504169207,"oil",1096.6,"C","China","PRJCA020971","Pseudomonadota"
"CRR933443","Desulfobacterota",0,"oil",1096.6,"C","China","PRJCA020971","Pseudomonadota"
"CRR933443","Halobacteriota",0.013065263,"oil",1096.6,"C","China","PRJCA020971","Pseudomonadota"
"CRR933443","Methanobacteriota",0.079458987,"oil",1096.6,"C","China","PRJCA020971","Pseudomonadota"
"CRR933443","Omnitrophota",0,"oil",1096.6,"C","China","PRJCA020971","Pseudomonadota"
"CRR933443","Others",18.556921459,"oil",1096.6,"C","China","PRJCA020971","Pseudomonadota"
"CRR933443","Patescibacteria",0.568646853,"oil",1096.6,"C","China","PRJCA020971","Pseudomonadota"
"CRR933443","Pseudomonadota",68.542068052,"oil",1096.6,"C","China","PRJCA020971","Pseudomonadota"
"SRR10302630","Actinomycetota",0.073882516,"oil",3350,"E","USA","PRJNA578106","Bacillota"
"SRR10302630","Bacillota",68.443490054,"oil",3350,"E","USA","PRJNA578106","Bacillota"
"SRR10302630","Bacteroidota",0.059978939,"oil",3350,"E","USA","PRJNA578106","Bacillota"
"SRR10302630","Campylobacterota",0,"oil",3350,"E","USA","PRJNA578106","Bacillota"
"SRR10302630","Desulfobacterota",0.676836806,"oil",3350,"E","USA","PRJNA578106","Bacillota"
"SRR10302630","Halobacteriota",2.64002621,"oil",3350,"E","USA","PRJNA578106","Bacillota"
"SRR10302630","Methanobacteriota",22.3710549,"oil",3350,"E","USA","PRJNA578106","Bacillota"
"SRR10302630","Omnitrophota",0,"oil",3350,"E","USA","PRJNA578106","Bacillota"
"SRR10302630","Others",4.96708221,"oil",3350,"E","USA","PRJNA578106","Bacillota"
"SRR10302630","Patescibacteria",0,"oil",3350,"E","USA","PRJNA578106","Bacillota"
"SRR10302630","Pseudomonadota",0.767648362,"oil",3350,"E","USA","PRJNA578106","Bacillota"
"SRR10302631","Actinomycetota",0.056922252,"oil",3350,"E","USA","PRJNA578106","Bacillota"
"SRR10302631","Bacillota",56.959964013,"oil",3350,"E","USA","PRJNA578106","Bacillota"
"SRR10302631","Bacteroidota",0.167499698,"oil",3350,"E","USA","PRJNA578106","Bacillota"
"SRR10302631","Campylobacterota",0,"oil",3350,"E","USA","PRJNA578106","Bacillota"
"SRR10302631","Desulfobacterota",1.021853244,"oil",3350,"E","USA","PRJNA578106","Bacillota"
"SRR10302631","Halobacteriota",0.96759498,"oil",3350,"E","USA","PRJNA578106","Bacillota"
"SRR10302631","Methanobacteriota",8.153367918,"oil",3350,"E","USA","PRJNA578106","Bacillota"
"SRR10302631","Omnitrophota",0,"oil",3350,"E","USA","PRJNA578106","Bacillota"
"SRR10302631","Others",30.703777523,"oil",3350,"E","USA","PRJNA578106","Bacillota"
"SRR10302631","Patescibacteria",0,"oil",3350,"E","USA","PRJNA578106","Bacillota"
"SRR10302631","Pseudomonadota",1.969020368,"oil",3350,"E","USA","PRJNA578106","Bacillota"
"SRR10302632","Actinomycetota",0.048245537,"oil",3350,"E","USA","PRJNA578106","Bacillota"
"SRR10302632","Bacillota",84.963304002,"oil",3350,"E","USA","PRJNA578106","Bacillota"
"SRR10302632","Bacteroidota",0.14128961,"oil",3350,"E","USA","PRJNA578106","Bacillota"
"SRR10302632","Campylobacterota",0,"oil",3350,"E","USA","PRJNA578106","Bacillota"
"SRR10302632","Desulfobacterota",0.032945357,"oil",3350,"E","USA","PRJNA578106","Bacillota"
"SRR10302632","Halobacteriota",0.667657058,"oil",3350,"E","USA","PRJNA578106","Bacillota"
"SRR10302632","Methanobacteriota",0.204084154,"oil",3350,"E","USA","PRJNA578106","Bacillota"
"SRR10302632","Omnitrophota",0,"oil",3350,"E","USA","PRJNA578106","Bacillota"
"SRR10302632","Others",13.875294968,"oil",3350,"E","USA","PRJNA578106","Bacillota"
"SRR10302632","Patescibacteria",0.009739514,"oil",3350,"E","USA","PRJNA578106","Bacillota"
"SRR10302632","Pseudomonadota",0.057439797,"oil",3350,"E","USA","PRJNA578106","Bacillota"
"SRR10302633","Actinomycetota",0.02159359,"oil",3350,"E","USA","PRJNA578106","Bacillota"
"SRR10302633","Bacillota",96.094788865,"oil",3350,"E","USA","PRJNA578106","Bacillota"
"SRR10302633","Bacteroidota",0.032181414,"oil",3350,"E","USA","PRJNA578106","Bacillota"
"SRR10302633","Campylobacterota",0,"oil",3350,"E","USA","PRJNA578106","Bacillota"
"SRR10302633","Desulfobacterota",0.118760738,"oil",3350,"E","USA","PRJNA578106","Bacillota"
"SRR10302633","Halobacteriota",1.081853868,"oil",3350,"E","USA","PRJNA578106","Bacillota"
"SRR10302633","Methanobacteriota",1.575810953,"oil",3350,"E","USA","PRJNA578106","Bacillota"
"SRR10302633","Omnitrophota",0,"oil",3350,"E","USA","PRJNA578106","Bacillota"
"SRR10302633","Others",0.960536107,"oil",3350,"E","USA","PRJNA578106","Bacillota"
"SRR10302633","Patescibacteria",0,"oil",3350,"E","USA","PRJNA578106","Bacillota"
"SRR10302633","Pseudomonadota",0.114474462,"oil",3350,"E","USA","PRJNA578106","Bacillota"
"SRR12344465","Actinomycetota",0.257506703,"oil",1450,"C","USA","PRJNA613490","Halobacteriota"
"SRR12344465","Bacillota",9.924064518,"oil",1450,"C","USA","PRJNA613490","Halobacteriota"
"SRR12344465","Bacteroidota",0.967505273,"oil",1450,"C","USA","PRJNA613490","Halobacteriota"
"SRR12344465","Campylobacterota",0,"oil",1450,"C","USA","PRJNA613490","Halobacteriota"
"SRR12344465","Desulfobacterota",1.991108945,"oil",1450,"C","USA","PRJNA613490","Halobacteriota"
"SRR12344465","Halobacteriota",86.18281161,"oil",1450,"C","USA","PRJNA613490","Halobacteriota"
"SRR12344465","Methanobacteriota",0,"oil",1450,"C","USA","PRJNA613490","Halobacteriota"
"SRR12344465","Omnitrophota",0,"oil",1450,"C","USA","PRJNA613490","Halobacteriota"
"SRR12344465","Others",0.655137442,"oil",1450,"C","USA","PRJNA613490","Halobacteriota"
"SRR12344465","Patescibacteria",0,"oil",1450,"C","USA","PRJNA613490","Halobacteriota"
"SRR12344465","Pseudomonadota",0.021865513,"oil",1450,"C","USA","PRJNA613490","Halobacteriota"
"SRR12344466","Actinomycetota",6.94833575,"oil",1450,"C","USA","PRJNA613490","Halobacteriota"
"SRR12344466","Bacillota",0,"oil",1450,"C","USA","PRJNA613490","Halobacteriota"
"SRR12344466","Bacteroidota",0,"oil",1450,"C","USA","PRJNA613490","Halobacteriota"
"SRR12344466","Campylobacterota",0,"oil",1450,"C","USA","PRJNA613490","Halobacteriota"
"SRR12344466","Desulfobacterota",0,"oil",1450,"C","USA","PRJNA613490","Halobacteriota"
"SRR12344466","Halobacteriota",34.689672348,"oil",1450,"C","USA","PRJNA613490","Halobacteriota"
"SRR12344466","Methanobacteriota",0,"oil",1450,"C","USA","PRJNA613490","Halobacteriota"
"SRR12344466","Omnitrophota",0,"oil",1450,"C","USA","PRJNA613490","Halobacteriota"
"SRR12344466","Others",58.3619919,"oil",1450,"C","USA","PRJNA613490","Halobacteriota"
"SRR12344466","Patescibacteria",0,"oil",1450,"C","USA","PRJNA613490","Halobacteriota"
"SRR12344466","Pseudomonadota",0,"oil",1450,"C","USA","PRJNA613490","Halobacteriota"
"SRR12344468","Actinomycetota",69.57208887,"oil",1450,"C","USA","PRJNA613490","Actinomycetota"
"SRR12344468","Bacillota",5.343608577,"oil",1450,"C","USA","PRJNA613490","Actinomycetota"
"SRR12344468","Bacteroidota",0,"oil",1450,"C","USA","PRJNA613490","Actinomycetota"
"SRR12344468","Campylobacterota",0,"oil",1450,"C","USA","PRJNA613490","Actinomycetota"
"SRR12344468","Desulfobacterota",2.100447145,"oil",1450,"C","USA","PRJNA613490","Actinomycetota"
"SRR12344468","Halobacteriota",20.332550897,"oil",1450,"C","USA","PRJNA613490","Actinomycetota"
"SRR12344468","Methanobacteriota",0,"oil",1450,"C","USA","PRJNA613490","Actinomycetota"
"SRR12344468","Omnitrophota",0,"oil",1450,"C","USA","PRJNA613490","Actinomycetota"
"SRR12344468","Others",0,"oil",1450,"C","USA","PRJNA613490","Actinomycetota"
"SRR12344468","Patescibacteria",0,"oil",1450,"C","USA","PRJNA613490","Actinomycetota"
"SRR12344468","Pseudomonadota",2.651304504,"oil",1450,"C","USA","PRJNA613490","Actinomycetota"
"SRR13427962","Actinomycetota",0,"oil",850,"B","Canada","PRJNA691618","Patescibacteria"
"SRR13427962","Bacillota",1.074045314,"oil",850,"B","Canada","PRJNA691618","Patescibacteria"
"SRR13427962","Bacteroidota",0.025961343,"oil",850,"B","Canada","PRJNA691618","Patescibacteria"
"SRR13427962","Campylobacterota",0.023965533,"oil",850,"B","Canada","PRJNA691618","Patescibacteria"
"SRR13427962","Desulfobacterota",0.036056537,"oil",850,"B","Canada","PRJNA691618","Patescibacteria"
"SRR13427962","Halobacteriota",0.100894115,"oil",850,"B","Canada","PRJNA691618","Patescibacteria"
"SRR13427962","Methanobacteriota",0,"oil",850,"B","Canada","PRJNA691618","Patescibacteria"
"SRR13427962","Omnitrophota",1.805058325,"oil",850,"B","Canada","PRJNA691618","Patescibacteria"
"SRR13427962","Others",2.812164377,"oil",850,"B","Canada","PRJNA691618","Patescibacteria"
"SRR13427962","Patescibacteria",94.090699837,"oil",850,"B","Canada","PRJNA691618","Patescibacteria"
"SRR13427962","Pseudomonadota",0.031154615,"oil",850,"B","Canada","PRJNA691618","Patescibacteria"
"SRR13427963","Actinomycetota",0,"oil",850,"B","Canada","PRJNA691618","Patescibacteria"
"SRR13427963","Bacillota",5.155689593,"oil",850,"B","Canada","PRJNA691618","Patescibacteria"
"SRR13427963","Bacteroidota",0.406996166,"oil",850,"B","Canada","PRJNA691618","Patescibacteria"
"SRR13427963","Campylobacterota",6.259272325,"oil",850,"B","Canada","PRJNA691618","Patescibacteria"
"SRR13427963","Desulfobacterota",6.211835596,"oil",850,"B","Canada","PRJNA691618","Patescibacteria"
"SRR13427963","Halobacteriota",17.304906922,"oil",850,"B","Canada","PRJNA691618","Patescibacteria"
"SRR13427963","Methanobacteriota",0.01989008,"oil",850,"B","Canada","PRJNA691618","Patescibacteria"
"SRR13427963","Omnitrophota",21.886397467,"oil",850,"B","Canada","PRJNA691618","Patescibacteria"
"SRR13427963","Others",13.598353991,"oil",850,"B","Canada","PRJNA691618","Patescibacteria"
"SRR13427963","Patescibacteria",29.038394269,"oil",850,"B","Canada","PRJNA691618","Patescibacteria"
"SRR13427963","Pseudomonadota",0.118263589,"oil",850,"B","Canada","PRJNA691618","Patescibacteria"
"SRR13427964","Actinomycetota",0,"oil",850,"B","Canada","PRJNA691618","Halobacteriota"
"SRR13427964","Bacillota",4.808839149,"oil",850,"B","Canada","PRJNA691618","Halobacteriota"
"SRR13427964","Bacteroidota",0.478461765,"oil",850,"B","Canada","PRJNA691618","Halobacteriota"
"SRR13427964","Campylobacterota",0.541093937,"oil",850,"B","Canada","PRJNA691618","Halobacteriota"
"SRR13427964","Desulfobacterota",8.439115354,"oil",850,"B","Canada","PRJNA691618","Halobacteriota"
"SRR13427964","Halobacteriota",33.685409619,"oil",850,"B","Canada","PRJNA691618","Halobacteriota"
"SRR13427964","Methanobacteriota",0.019923526,"oil",850,"B","Canada","PRJNA691618","Halobacteriota"
"SRR13427964","Omnitrophota",14.082282408,"oil",850,"B","Canada","PRJNA691618","Halobacteriota"
"SRR13427964","Others",18.553303812,"oil",850,"B","Canada","PRJNA691618","Halobacteriota"
"SRR13427964","Patescibacteria",19.391570428,"oil",850,"B","Canada","PRJNA691618","Halobacteriota"
"SRR13427964","Pseudomonadota",0,"oil",850,"B","Canada","PRJNA691618","Halobacteriota"
"SRR13427965","Actinomycetota",0,"oil",850,"B","Canada","PRJNA691618","Patescibacteria"
"SRR13427965","Bacillota",4.091321393,"oil",850,"B","Canada","PRJNA691618","Patescibacteria"
"SRR13427965","Bacteroidota",0.232328757,"oil",850,"B","Canada","PRJNA691618","Patescibacteria"
"SRR13427965","Campylobacterota",0.509746996,"oil",850,"B","Canada","PRJNA691618","Patescibacteria"
"SRR13427965","Desulfobacterota",4.397763253,"oil",850,"B","Canada","PRJNA691618","Patescibacteria"
"SRR13427965","Halobacteriota",8.9495669,"oil",850,"B","Canada","PRJNA691618","Patescibacteria"
"SRR13427965","Methanobacteriota",0.076609531,"oil",850,"B","Canada","PRJNA691618","Patescibacteria"
"SRR13427965","Omnitrophota",24.301676097,"oil",850,"B","Canada","PRJNA691618","Patescibacteria"
"SRR13427965","Others",9.363129529,"oil",850,"B","Canada","PRJNA691618","Patescibacteria"
"SRR13427965","Patescibacteria",48.063651051,"oil",850,"B","Canada","PRJNA691618","Patescibacteria"
"SRR13427965","Pseudomonadota",0.014206496,"oil",850,"B","Canada","PRJNA691618","Patescibacteria"
"SRR13427966","Actinomycetota",0.008727045,"oil",850,"B","Canada","PRJNA691618","Patescibacteria"
"SRR13427966","Bacillota",2.728513406,"oil",850,"B","Canada","PRJNA691618","Patescibacteria"
"SRR13427966","Bacteroidota",1.33881843,"oil",850,"B","Canada","PRJNA691618","Patescibacteria"
"SRR13427966","Campylobacterota",29.417661275,"oil",850,"B","Canada","PRJNA691618","Patescibacteria"
"SRR13427966","Desulfobacterota",4.590134023,"oil",850,"B","Canada","PRJNA691618","Patescibacteria"
"SRR13427966","Halobacteriota",6.135454104,"oil",850,"B","Canada","PRJNA691618","Patescibacteria"
"SRR13427966","Methanobacteriota",0.143909323,"oil",850,"B","Canada","PRJNA691618","Patescibacteria"
"SRR13427966","Omnitrophota",10.971051644,"oil",850,"B","Canada","PRJNA691618","Patescibacteria"
"SRR13427966","Others",9.497605978,"oil",850,"B","Canada","PRJNA691618","Patescibacteria"
"SRR13427966","Patescibacteria",33.942659855,"oil",850,"B","Canada","PRJNA691618","Patescibacteria"
"SRR13427966","Pseudomonadota",1.22546492,"oil",850,"B","Canada","PRJNA691618","Patescibacteria"
"SRR13427967","Actinomycetota",0,"oil",850,"B","Canada","PRJNA691618","Patescibacteria"
"SRR13427967","Bacillota",3.191426276,"oil",850,"B","Canada","PRJNA691618","Patescibacteria"
"SRR13427967","Bacteroidota",1.45574202,"oil",850,"B","Canada","PRJNA691618","Patescibacteria"
"SRR13427967","Campylobacterota",16.024845216,"oil",850,"B","Canada","PRJNA691618","Patescibacteria"
"SRR13427967","Desulfobacterota",6.722087839,"oil",850,"B","Canada","PRJNA691618","Patescibacteria"
"SRR13427967","Halobacteriota",10.409007527,"oil",850,"B","Canada","PRJNA691618","Patescibacteria"
"SRR13427967","Methanobacteriota",0.055664439,"oil",850,"B","Canada","PRJNA691618","Patescibacteria"
"SRR13427967","Omnitrophota",15.098769757,"oil",850,"B","Canada","PRJNA691618","Patescibacteria"
"SRR13427967","Others",9.656737518,"oil",850,"B","Canada","PRJNA691618","Patescibacteria"
"SRR13427967","Patescibacteria",36.362776215,"oil",850,"B","Canada","PRJNA691618","Patescibacteria"
"SRR13427967","Pseudomonadota",1.022943193,"oil",850,"B","Canada","PRJNA691618","Patescibacteria"
"SRR13427968","Actinomycetota",0,"oil",850,"B","Canada","PRJNA691618","Campylobacterota"
"SRR13427968","Bacillota",2.68806294,"oil",850,"B","Canada","PRJNA691618","Campylobacterota"
"SRR13427968","Bacteroidota",1.733710189,"oil",850,"B","Canada","PRJNA691618","Campylobacterota"
"SRR13427968","Campylobacterota",44.435594528,"oil",850,"B","Canada","PRJNA691618","Campylobacterota"
"SRR13427968","Desulfobacterota",7.922203748,"oil",850,"B","Canada","PRJNA691618","Campylobacterota"
"SRR13427968","Halobacteriota",5.802804303,"oil",850,"B","Canada","PRJNA691618","Campylobacterota"
"SRR13427968","Methanobacteriota",0.216855234,"oil",850,"B","Canada","PRJNA691618","Campylobacterota"
"SRR13427968","Omnitrophota",17.2943454,"oil",850,"B","Canada","PRJNA691618","Campylobacterota"
"SRR13427968","Others",11.492732217,"oil",850,"B","Canada","PRJNA691618","Campylobacterota"
"SRR13427968","Patescibacteria",7.062659856,"oil",850,"B","Canada","PRJNA691618","Campylobacterota"
"SRR13427968","Pseudomonadota",1.351031593,"oil",850,"B","Canada","PRJNA691618","Campylobacterota"
"SRR13427969","Actinomycetota",0.017397929,"oil",850,"B","Canada","PRJNA691618","Omnitrophota"
"SRR13427969","Bacillota",1.870635237,"oil",850,"B","Canada","PRJNA691618","Omnitrophota"
"SRR13427969","Bacteroidota",1.90428966,"oil",850,"B","Canada","PRJNA691618","Omnitrophota"
"SRR13427969","Campylobacterota",20.918204987,"oil",850,"B","Canada","PRJNA691618","Omnitrophota"
"SRR13427969","Desulfobacterota",7.929856088,"oil",850,"B","Canada","PRJNA691618","Omnitrophota"
"SRR13427969","Halobacteriota",3.787747949,"oil",850,"B","Canada","PRJNA691618","Omnitrophota"
"SRR13427969","Methanobacteriota",0.158746309,"oil",850,"B","Canada","PRJNA691618","Omnitrophota"
"SRR13427969","Omnitrophota",25.038449937,"oil",850,"B","Canada","PRJNA691618","Omnitrophota"
"SRR13427969","Others",15.11959913,"oil",850,"B","Canada","PRJNA691618","Omnitrophota"
"SRR13427969","Patescibacteria",22.164627481,"oil",850,"B","Canada","PRJNA691618","Omnitrophota"
"SRR13427969","Pseudomonadota",1.09044529,"oil",850,"B","Canada","PRJNA691618","Omnitrophota"
"SRR13427970","Actinomycetota",0.039769659,"oil",850,"B","Canada","PRJNA691618","Omnitrophota"
"SRR13427970","Bacillota",2.718482371,"oil",850,"B","Canada","PRJNA691618","Omnitrophota"
"SRR13427970","Bacteroidota",1.147714072,"oil",850,"B","Canada","PRJNA691618","Omnitrophota"
"SRR13427970","Campylobacterota",13.725269567,"oil",850,"B","Canada","PRJNA691618","Omnitrophota"
"SRR13427970","Desulfobacterota",7.087551149,"oil",850,"B","Canada","PRJNA691618","Omnitrophota"
"SRR13427970","Halobacteriota",6.058285225,"oil",850,"B","Canada","PRJNA691618","Omnitrophota"
"SRR13427970","Methanobacteriota",0.064214317,"oil",850,"B","Canada","PRJNA691618","Omnitrophota"
"SRR13427970","Omnitrophota",29.307265811,"oil",850,"B","Canada","PRJNA691618","Omnitrophota"
"SRR13427970","Others",13.698222894,"oil",850,"B","Canada","PRJNA691618","Omnitrophota"
"SRR13427970","Patescibacteria",25.265233501,"oil",850,"B","Canada","PRJNA691618","Omnitrophota"
"SRR13427970","Pseudomonadota",0.887991424,"oil",850,"B","Canada","PRJNA691618","Omnitrophota"
"SRR13427971","Actinomycetota",0.006656315,"oil",850,"B","Canada","PRJNA691618","Patescibacteria"
"SRR13427971","Bacillota",0.354172065,"oil",850,"B","Canada","PRJNA691618","Patescibacteria"
"SRR13427971","Bacteroidota",0.058371329,"oil",850,"B","Canada","PRJNA691618","Patescibacteria"
"SRR13427971","Campylobacterota",0.064981217,"oil",850,"B","Canada","PRJNA691618","Patescibacteria"
"SRR13427971","Desulfobacterota",0.122261664,"oil",850,"B","Canada","PRJNA691618","Patescibacteria"
"SRR13427971","Halobacteriota",0.218882221,"oil",850,"B","Canada","PRJNA691618","Patescibacteria"
"SRR13427971","Methanobacteriota",0,"oil",850,"B","Canada","PRJNA691618","Patescibacteria"
"SRR13427971","Omnitrophota",5.938307058,"oil",850,"B","Canada","PRJNA691618","Patescibacteria"
"SRR13427971","Others",4.822205111,"oil",850,"B","Canada","PRJNA691618","Patescibacteria"
"SRR13427971","Patescibacteria",88.234796485,"oil",850,"B","Canada","PRJNA691618","Patescibacteria"
"SRR13427971","Pseudomonadota",0.179366533,"oil",850,"B","Canada","PRJNA691618","Patescibacteria"
"SRR1976948","Actinomycetota",0.336722731,"oil",1300,"C","USA","PRJNA278302","Patescibacteria"
"SRR1976948","Bacillota",9.841872187,"oil",1300,"C","USA","PRJNA278302","Patescibacteria"
"SRR1976948","Bacteroidota",0.542903061,"oil",1300,"C","USA","PRJNA278302","Patescibacteria"
"SRR1976948","Campylobacterota",0,"oil",1300,"C","USA","PRJNA278302","Patescibacteria"
"SRR1976948","Desulfobacterota",0.124134791,"oil",1300,"C","USA","PRJNA278302","Patescibacteria"
"SRR1976948","Halobacteriota",16.413379636,"oil",1300,"C","USA","PRJNA278302","Patescibacteria"
"SRR1976948","Methanobacteriota",0.482983621,"oil",1300,"C","USA","PRJNA278302","Patescibacteria"
"SRR1976948","Omnitrophota",0.109531197,"oil",1300,"C","USA","PRJNA278302","Patescibacteria"
"SRR1976948","Others",18.16457147,"oil",1300,"C","USA","PRJNA278302","Patescibacteria"
"SRR1976948","Patescibacteria",53.983901301,"oil",1300,"C","USA","PRJNA278302","Patescibacteria"
"SRR1976948","Pseudomonadota",0,"oil",1300,"C","USA","PRJNA278302","Patescibacteria"
"SRR1977249","Actinomycetota",0.014128118,"oil",1300,"C","USA","PRJNA278302","Patescibacteria"
"SRR1977249","Bacillota",8.870405259,"oil",1300,"C","USA","PRJNA278302","Patescibacteria"
"SRR1977249","Bacteroidota",0.382151654,"oil",1300,"C","USA","PRJNA278302","Patescibacteria"
"SRR1977249","Campylobacterota",0,"oil",1300,"C","USA","PRJNA278302","Patescibacteria"
"SRR1977249","Desulfobacterota",0.220801965,"oil",1300,"C","USA","PRJNA278302","Patescibacteria"
"SRR1977249","Halobacteriota",20.513929114,"oil",1300,"C","USA","PRJNA278302","Patescibacteria"
"SRR1977249","Methanobacteriota",0.035171344,"oil",1300,"C","USA","PRJNA278302","Patescibacteria"
"SRR1977249","Omnitrophota",0,"oil",1300,"C","USA","PRJNA278302","Patescibacteria"
"SRR1977249","Others",42.011535568,"oil",1300,"C","USA","PRJNA278302","Patescibacteria"
"SRR1977249","Patescibacteria",27.95187698,"oil",1300,"C","USA","PRJNA278302","Patescibacteria"
"SRR1977249","Pseudomonadota",0,"oil",1300,"C","USA","PRJNA278302","Patescibacteria"
"SRR1977304","Actinomycetota",0.016094891,"oil",2925,"E","USA","PRJNA278302","Desulfobacterota"
"SRR1977304","Bacillota",2.332459197,"oil",2925,"E","USA","PRJNA278302","Desulfobacterota"
"SRR1977304","Bacteroidota",0,"oil",2925,"E","USA","PRJNA278302","Desulfobacterota"
"SRR1977304","Campylobacterota",0,"oil",2925,"E","USA","PRJNA278302","Desulfobacterota"
"SRR1977304","Desulfobacterota",86.971850507,"oil",2925,"E","USA","PRJNA278302","Desulfobacterota"
"SRR1977304","Halobacteriota",2.636153654,"oil",2925,"E","USA","PRJNA278302","Desulfobacterota"
"SRR1977304","Methanobacteriota",6.246899167,"oil",2925,"E","USA","PRJNA278302","Desulfobacterota"
"SRR1977304","Omnitrophota",0,"oil",2925,"E","USA","PRJNA278302","Desulfobacterota"
"SRR1977304","Others",1.796542584,"oil",2925,"E","USA","PRJNA278302","Desulfobacterota"
"SRR1977304","Patescibacteria",0,"oil",2925,"E","USA","PRJNA278302","Desulfobacterota"
"SRR1977304","Pseudomonadota",0,"oil",2925,"E","USA","PRJNA278302","Desulfobacterota"
"SRR1977357","Actinomycetota",0,"oil",1967.5,"D","USA","PRJNA278302","Halobacteriota"
"SRR1977357","Bacillota",4.780665718,"oil",1967.5,"D","USA","PRJNA278302","Halobacteriota"
"SRR1977357","Bacteroidota",0,"oil",1967.5,"D","USA","PRJNA278302","Halobacteriota"
"SRR1977357","Campylobacterota",0,"oil",1967.5,"D","USA","PRJNA278302","Halobacteriota"
"SRR1977357","Desulfobacterota",20.948317053,"oil",1967.5,"D","USA","PRJNA278302","Halobacteriota"
"SRR1977357","Halobacteriota",30.275881196,"oil",1967.5,"D","USA","PRJNA278302","Halobacteriota"
"SRR1977357","Methanobacteriota",16.252684413,"oil",1967.5,"D","USA","PRJNA278302","Halobacteriota"
"SRR1977357","Omnitrophota",0,"oil",1967.5,"D","USA","PRJNA278302","Halobacteriota"
"SRR1977357","Others",27.742451622,"oil",1967.5,"D","USA","PRJNA278302","Halobacteriota"
"SRR1977357","Patescibacteria",0,"oil",1967.5,"D","USA","PRJNA278302","Halobacteriota"
"SRR1977357","Pseudomonadota",0,"oil",1967.5,"D","USA","PRJNA278302","Halobacteriota"
"SRR1977365","Actinomycetota",0,"oil",1967.5,"D","USA","PRJNA278302","Methanobacteriota"
"SRR1977365","Bacillota",3.943717896,"oil",1967.5,"D","USA","PRJNA278302","Methanobacteriota"
"SRR1977365","Bacteroidota",0,"oil",1967.5,"D","USA","PRJNA278302","Methanobacteriota"
"SRR1977365","Campylobacterota",0,"oil",1967.5,"D","USA","PRJNA278302","Methanobacteriota"
"SRR1977365","Desulfobacterota",0.385024838,"oil",1967.5,"D","USA","PRJNA278302","Methanobacteriota"
"SRR1977365","Halobacteriota",11.348937931,"oil",1967.5,"D","USA","PRJNA278302","Methanobacteriota"
"SRR1977365","Methanobacteriota",80.758404912,"oil",1967.5,"D","USA","PRJNA278302","Methanobacteriota"
"SRR1977365","Omnitrophota",0,"oil",1967.5,"D","USA","PRJNA278302","Methanobacteriota"
"SRR1977365","Others",3.563914429,"oil",1967.5,"D","USA","PRJNA278302","Methanobacteriota"
"SRR1977365","Patescibacteria",0,"oil",1967.5,"D","USA","PRJNA278302","Methanobacteriota"
"SRR1977365","Pseudomonadota",0,"oil",1967.5,"D","USA","PRJNA278302","Methanobacteriota"
"SRR5352271","Actinomycetota",0,"oil",1558.2,"D","China","PRJNA378566","Pseudomonadota"
"SRR5352271","Bacillota",16.083515841,"oil",1558.2,"D","China","PRJNA378566","Pseudomonadota"
"SRR5352271","Bacteroidota",0,"oil",1558.2,"D","China","PRJNA378566","Pseudomonadota"
"SRR5352271","Campylobacterota",4.212666339,"oil",1558.2,"D","China","PRJNA378566","Pseudomonadota"
"SRR5352271","Desulfobacterota",4.383608408,"oil",1558.2,"D","China","PRJNA378566","Pseudomonadota"
"SRR5352271","Halobacteriota",14.247257955,"oil",1558.2,"D","China","PRJNA378566","Pseudomonadota"
"SRR5352271","Methanobacteriota",0.540789196,"oil",1558.2,"D","China","PRJNA378566","Pseudomonadota"
"SRR5352271","Omnitrophota",0,"oil",1558.2,"D","China","PRJNA378566","Pseudomonadota"
"SRR5352271","Others",4.776426475,"oil",1558.2,"D","China","PRJNA378566","Pseudomonadota"
"SRR5352271","Patescibacteria",0,"oil",1558.2,"D","China","PRJNA378566","Pseudomonadota"
"SRR5352271","Pseudomonadota",55.755735784,"oil",1558.2,"D","China","PRJNA378566","Pseudomonadota"
"SRR5352272","Actinomycetota",0,"oil",1499.4,"C","China","PRJNA378566","Pseudomonadota"
"SRR5352272","Bacillota",19.462704199,"oil",1499.4,"C","China","PRJNA378566","Pseudomonadota"
"SRR5352272","Bacteroidota",0,"oil",1499.4,"C","China","PRJNA378566","Pseudomonadota"
"SRR5352272","Campylobacterota",2.878604792,"oil",1499.4,"C","China","PRJNA378566","Pseudomonadota"
"SRR5352272","Desulfobacterota",25.815571932,"oil",1499.4,"C","China","PRJNA378566","Pseudomonadota"
"SRR5352272","Halobacteriota",17.523759181,"oil",1499.4,"C","China","PRJNA378566","Pseudomonadota"
"SRR5352272","Methanobacteriota",1.207225079,"oil",1499.4,"C","China","PRJNA378566","Pseudomonadota"
"SRR5352272","Omnitrophota",0,"oil",1499.4,"C","China","PRJNA378566","Pseudomonadota"
"SRR5352272","Others",7.281454613,"oil",1499.4,"C","China","PRJNA378566","Pseudomonadota"
"SRR5352272","Patescibacteria",0,"oil",1499.4,"C","China","PRJNA378566","Pseudomonadota"
"SRR5352272","Pseudomonadota",25.830680211,"oil",1499.4,"C","China","PRJNA378566","Pseudomonadota"
"SRR5352273","Actinomycetota",0,"oil",1809.5,"D","China","PRJNA378566","Pseudomonadota"
"SRR5352273","Bacillota",3.610452749,"oil",1809.5,"D","China","PRJNA378566","Pseudomonadota"
"SRR5352273","Bacteroidota",0,"oil",1809.5,"D","China","PRJNA378566","Pseudomonadota"
"SRR5352273","Campylobacterota",22.064886296,"oil",1809.5,"D","China","PRJNA378566","Pseudomonadota"
"SRR5352273","Desulfobacterota",0.479131461,"oil",1809.5,"D","China","PRJNA378566","Pseudomonadota"
"SRR5352273","Halobacteriota",2.063120091,"oil",1809.5,"D","China","PRJNA378566","Pseudomonadota"
"SRR5352273","Methanobacteriota",0,"oil",1809.5,"D","China","PRJNA378566","Pseudomonadota"
"SRR5352273","Omnitrophota",0,"oil",1809.5,"D","China","PRJNA378566","Pseudomonadota"
"SRR5352273","Others",0.523833693,"oil",1809.5,"D","China","PRJNA378566","Pseudomonadota"
"SRR5352273","Patescibacteria",0,"oil",1809.5,"D","China","PRJNA378566","Pseudomonadota"
"SRR5352273","Pseudomonadota",71.258575712,"oil",1809.5,"D","China","PRJNA378566","Pseudomonadota"
"Unknown_BV499.003R0001_good","Actinomycetota",0.204056239,"oil",1000,"C","China","PRJCA047381","Halobacteriota"
"Unknown_BV499.003R0001_good","Bacillota",0.027088126,"oil",1000,"C","China","PRJCA047381","Halobacteriota"
"Unknown_BV499.003R0001_good","Bacteroidota",3.856138105,"oil",1000,"C","China","PRJCA047381","Halobacteriota"
"Unknown_BV499.003R0001_good","Campylobacterota",0,"oil",1000,"C","China","PRJCA047381","Halobacteriota"
"Unknown_BV499.003R0001_good","Desulfobacterota",0.722187036,"oil",1000,"C","China","PRJCA047381","Halobacteriota"
"Unknown_BV499.003R0001_good","Halobacteriota",78.452192209,"oil",1000,"C","China","PRJCA047381","Halobacteriota"
"Unknown_BV499.003R0001_good","Methanobacteriota",0.067198469,"oil",1000,"C","China","PRJCA047381","Halobacteriota"
"Unknown_BV499.003R0001_good","Omnitrophota",0,"oil",1000,"C","China","PRJCA047381","Halobacteriota"
"Unknown_BV499.003R0001_good","Others",16.3856313,"oil",1000,"C","China","PRJCA047381","Halobacteriota"
"Unknown_BV499.003R0001_good","Patescibacteria",0,"oil",1000,"C","China","PRJCA047381","Halobacteriota"
"Unknown_BV499.003R0001_good","Pseudomonadota",0.285508521,"oil",1000,"C","China","PRJCA047381","Halobacteriota"
"Unknown_BV499.003R0002_good","Actinomycetota",0.00448985,"oil",1000,"C","China","PRJCA047381","Halobacteriota"
"Unknown_BV499.003R0002_good","Bacillota",0.127686337,"oil",1000,"C","China","PRJCA047381","Halobacteriota"
"Unknown_BV499.003R0002_good","Bacteroidota",3.905448105,"oil",1000,"C","China","PRJCA047381","Halobacteriota"
"Unknown_BV499.003R0002_good","Campylobacterota",0,"oil",1000,"C","China","PRJCA047381","Halobacteriota"
"Unknown_BV499.003R0002_good","Desulfobacterota",2.101074148,"oil",1000,"C","China","PRJCA047381","Halobacteriota"
"Unknown_BV499.003R0002_good","Halobacteriota",59.224473717,"oil",1000,"C","China","PRJCA047381","Halobacteriota"
"Unknown_BV499.003R0002_good","Methanobacteriota",0.875769453,"oil",1000,"C","China","PRJCA047381","Halobacteriota"
"Unknown_BV499.003R0002_good","Omnitrophota",0,"oil",1000,"C","China","PRJCA047381","Halobacteriota"
"Unknown_BV499.003R0002_good","Others",33.492592083,"oil",1000,"C","China","PRJCA047381","Halobacteriota"
"Unknown_BV499.003R0002_good","Patescibacteria",0,"oil",1000,"C","China","PRJCA047381","Halobacteriota"
"Unknown_BV499.003R0002_good","Pseudomonadota",0.268466309,"oil",1000,"C","China","PRJCA047381","Halobacteriota"
"Unknown_BV499.003R0003_good","Actinomycetota",0.043618181,"oil",1000,"C","China","PRJCA047381","Halobacteriota"
"Unknown_BV499.003R0003_good","Bacillota",0.393273497,"oil",1000,"C","China","PRJCA047381","Halobacteriota"
"Unknown_BV499.003R0003_good","Bacteroidota",3.852313594,"oil",1000,"C","China","PRJCA047381","Halobacteriota"
"Unknown_BV499.003R0003_good","Campylobacterota",0,"oil",1000,"C","China","PRJCA047381","Halobacteriota"
"Unknown_BV499.003R0003_good","Desulfobacterota",0.83445019,"oil",1000,"C","China","PRJCA047381","Halobacteriota"
"Unknown_BV499.003R0003_good","Halobacteriota",76.492534137,"oil",1000,"C","China","PRJCA047381","Halobacteriota"
"Unknown_BV499.003R0003_good","Methanobacteriota",0.360968582,"oil",1000,"C","China","PRJCA047381","Halobacteriota"
"Unknown_BV499.003R0003_good","Omnitrophota",0,"oil",1000,"C","China","PRJCA047381","Halobacteriota"
"Unknown_BV499.003R0003_good","Others",17.90042983,"oil",1000,"C","China","PRJCA047381","Halobacteriota"
"Unknown_BV499.003R0003_good","Patescibacteria",0.008666077,"oil",1000,"C","China","PRJCA047381","Halobacteriota"
"Unknown_BV499.003R0003_good","Pseudomonadota",0.113745918,"oil",1000,"C","China","PRJCA047381","Halobacteriota"
"Unknown_BV499.003R0004_good","Actinomycetota",0.068980137,"oil",1000,"C","China","PRJCA047381","Halobacteriota"
"Unknown_BV499.003R0004_good","Bacillota",0.068625951,"oil",1000,"C","China","PRJCA047381","Halobacteriota"
"Unknown_BV499.003R0004_good","Bacteroidota",3.925111342,"oil",1000,"C","China","PRJCA047381","Halobacteriota"
"Unknown_BV499.003R0004_good","Campylobacterota",0,"oil",1000,"C","China","PRJCA047381","Halobacteriota"
"Unknown_BV499.003R0004_good","Desulfobacterota",0.01857836,"oil",1000,"C","China","PRJCA047381","Halobacteriota"
"Unknown_BV499.003R0004_good","Halobacteriota",81.630518593,"oil",1000,"C","China","PRJCA047381","Halobacteriota"
"Unknown_BV499.003R0004_good","Methanobacteriota",0,"oil",1000,"C","China","PRJCA047381","Halobacteriota"
"Unknown_BV499.003R0004_good","Omnitrophota",0,"oil",1000,"C","China","PRJCA047381","Halobacteriota"
"Unknown_BV499.003R0004_good","Others",13.807037093,"oil",1000,"C","China","PRJCA047381","Halobacteriota"
"Unknown_BV499.003R0004_good","Patescibacteria",0,"oil",1000,"C","China","PRJCA047381","Halobacteriota"
"Unknown_BV499.003R0004_good","Pseudomonadota",0.481148513,"oil",1000,"C","China","PRJCA047381","Halobacteriota"
"Unknown_BV499.003R0006_good","Actinomycetota",0.012761161,"oil",2000,"E","China","PRJCA047381","Pseudomonadota"
"Unknown_BV499.003R0006_good","Bacillota",4.660517591,"oil",2000,"E","China","PRJCA047381","Pseudomonadota"
"Unknown_BV499.003R0006_good","Bacteroidota",0.016183382,"oil",2000,"E","China","PRJCA047381","Pseudomonadota"
"Unknown_BV499.003R0006_good","Campylobacterota",2.894738563,"oil",2000,"E","China","PRJCA047381","Pseudomonadota"
"Unknown_BV499.003R0006_good","Desulfobacterota",0.906161771,"oil",2000,"E","China","PRJCA047381","Pseudomonadota"
"Unknown_BV499.003R0006_good","Halobacteriota",1.771659938,"oil",2000,"E","China","PRJCA047381","Pseudomonadota"
"Unknown_BV499.003R0006_good","Methanobacteriota",0,"oil",2000,"E","China","PRJCA047381","Pseudomonadota"
"Unknown_BV499.003R0006_good","Omnitrophota",0,"oil",2000,"E","China","PRJCA047381","Pseudomonadota"
"Unknown_BV499.003R0006_good","Others",1.028792964,"oil",2000,"E","China","PRJCA047381","Pseudomonadota"
"Unknown_BV499.003R0006_good","Patescibacteria",0,"oil",2000,"E","China","PRJCA047381","Pseudomonadota"
"Unknown_BV499.003R0006_good","Pseudomonadota",88.70918463,"oil",2000,"E","China","PRJCA047381","Pseudomonadota"
"Unknown_BV499.003R0007_good","Actinomycetota",0.748987139,"oil",2000,"E","China","PRJCA047381","Pseudomonadota"
"Unknown_BV499.003R0007_good","Bacillota",39.417766887,"oil",2000,"E","China","PRJCA047381","Pseudomonadota"
"Unknown_BV499.003R0007_good","Bacteroidota",0.079104442,"oil",2000,"E","China","PRJCA047381","Pseudomonadota"
"Unknown_BV499.003R0007_good","Campylobacterota",0,"oil",2000,"E","China","PRJCA047381","Pseudomonadota"
"Unknown_BV499.003R0007_good","Desulfobacterota",0,"oil",2000,"E","China","PRJCA047381","Pseudomonadota"
"Unknown_BV499.003R0007_good","Halobacteriota",0,"oil",2000,"E","China","PRJCA047381","Pseudomonadota"
"Unknown_BV499.003R0007_good","Methanobacteriota",0,"oil",2000,"E","China","PRJCA047381","Pseudomonadota"
"Unknown_BV499.003R0007_good","Omnitrophota",0,"oil",2000,"E","China","PRJCA047381","Pseudomonadota"
"Unknown_BV499.003R0007_good","Others",0,"oil",2000,"E","China","PRJCA047381","Pseudomonadota"
"Unknown_BV499.003R0007_good","Patescibacteria",0,"oil",2000,"E","China","PRJCA047381","Pseudomonadota"
"Unknown_BV499.003R0007_good","Pseudomonadota",59.754141531,"oil",2000,"E","China","PRJCA047381","Pseudomonadota"
"Unknown_BV499.003R0009_good","Actinomycetota",0.474413624,"oil",2000,"E","China","PRJCA047381","Bacillota"
"Unknown_BV499.003R0009_good","Bacillota",53.352463231,"oil",2000,"E","China","PRJCA047381","Bacillota"
"Unknown_BV499.003R0009_good","Bacteroidota",0.037932426,"oil",2000,"E","China","PRJCA047381","Bacillota"
"Unknown_BV499.003R0009_good","Campylobacterota",0,"oil",2000,"E","China","PRJCA047381","Bacillota"
"Unknown_BV499.003R0009_good","Desulfobacterota",0,"oil",2000,"E","China","PRJCA047381","Bacillota"
"Unknown_BV499.003R0009_good","Halobacteriota",0.00707757,"oil",2000,"E","China","PRJCA047381","Bacillota"
"Unknown_BV499.003R0009_good","Methanobacteriota",0,"oil",2000,"E","China","PRJCA047381","Bacillota"
"Unknown_BV499.003R0009_good","Omnitrophota",0,"oil",2000,"E","China","PRJCA047381","Bacillota"
"Unknown_BV499.003R0009_good","Others",0.007928718,"oil",2000,"E","China","PRJCA047381","Bacillota"
"Unknown_BV499.003R0009_good","Patescibacteria",0,"oil",2000,"E","China","PRJCA047381","Bacillota"
"Unknown_BV499.003R0009_good","Pseudomonadota",46.120184441,"oil",2000,"E","China","PRJCA047381","Bacillota"
